263441588,32619478,wangru25/cddd,2020-05-12,True,master,2,0,0,0
320322317,32619478,wangru25/HERMES,2020-12-10,True,main,1,6,6,1
277563073,32619478,wangru25/Logo,2020-07-06,True,master,1,0,0,0
387301560,32619478,wangru25/ruiwang.github.io,2021-07-19,True,master,30,0,0,0
310482226,36395859,ChenDdon/AGBTcode,2020-11-06,True,master,1,5,5,3
322486588,36395859,ChenDdon/ChenDdon.github.io,2020-12-18,True,main,1,0,0,0
174296957,36395859,ChenDdon/mechine_learning_practice,2019-03-07,True,master,1,0,0,0
233991664,36395859,ChenDdon/Reinforcement_Learning_one_by_one,2020-01-15,True,master,1,1,1,0
394726366,36395859,ChenDdon/SourceForPub,2021-08-10,True,main,1,1,1,1
62741330,19493595,Jiahuic/APBS_Sphinx,2016-07-06,True,master,4,0,0,0
402601711,19493595,Jiahuic/jiahuic.github.io,2021-09-03,True,master,30,0,0,0
95310835,19493595,Jiahuic/pka_parallel,2017-06-24,True,master,1,0,0,0
94700189,19493595,Jiahuic/pka_test,2017-06-18,True,master,1,0,0,0
60548647,19493595,Jiahuic/TABI_solver,2016-06-06,True,master,1,0,0,0
61310317,19493595,Jiahuic/treecode,2016-06-16,True,master,1,0,0,0
84520000,19493595,Jiahuic/Treecode2_0,2017-03-10,True,master,1,0,0,0
61404061,19493595,Jiahuic/treecode_parallel,2016-06-17,True,master,1,0,0,0
