c9c5526,254372869,Frederick-S,"Apr 30, 2021",Merge pull request
e399ca1,254372869,dependabot,"Aug 20, 2021",build(deps-dev): bump @types/node from 14.14.28 to 16.7.0
7d43432,254372869,dependabot,"Aug 13, 2021",build(deps): bump path-parse from 1.0.6 to 1.0.7
ee9ca47,254372869,dependabot,"Jul 16, 2021",build(deps-dev): bump @nestjs/schematics from 7.2.7 to 8.0.2
645a956,254372869,dependabot,"Jun 17, 2021",build(deps): bump @nestjs/platform-express from 7.6.12 to 7.6.18
9cd43ae,254372869,dependabot,"Jun 17, 2021",build(deps-dev): bump @nestjs/testing from 7.6.12 to 7.6.18
405c969,254372869,dependabot-preview,"Feb 16, 2021",build(deps-dev): bump @types/puppeteer from 2.0.1 to 5.4.3
86363ca,254372869,dependabot-preview,"Feb 16, 2021",build(deps-dev): bump ts-jest from 25.4.0 to 25.5.1
d031633,254372869,dependabot-preview,"Feb 16, 2021",build(deps-dev): bump ts-loader from 7.0.5 to 8.0.10
2d0d94c,254372869,dependabot-preview,"Feb 16, 2021",build(deps-dev): bump supertest from 4.0.2 to 6.1.3
c13dd17,254372869,dependabot-preview,"Feb 16, 2021",build(deps-dev): bump ts-node from 8.10.2 to 9.1.1
07ade0a,268228900,Frederick-S,"Jul 8, 2021",Merge pull request
4257e50,268228900,dependabot-preview,"Apr 28, 2021",Upgrade to GitHub-native Dependabot
0f216cb,252945497,Frederick-S,"May 21, 2021",Merge pull request
a3184e7,252945497,dependabot-preview,"Apr 29, 2021",Upgrade to GitHub-native Dependabot
8e4dd12,380457353,Frederick-S,"Aug 18, 2021",Update README.md
29f7a1e,110396888,Frederick-S,"Apr 30, 2021",Merge pull request
3a58a88,110396888,dependabot,"Aug 16, 2021",Bump marked from 1.2.0 to 3.0.0
8e47b56,110396888,dependabot,"Aug 16, 2021",Bump webpack-cli from 3.3.12 to 4.8.0
6eee122,110396888,dependabot,"Aug 12, 2021",Bump path-parse from 1.0.6 to 1.0.7
11d88bb,110396888,dependabot,"Jul 13, 2021",Bump requests from 2.25.1 to 2.26.0
cb91b67,110396888,dependabot,"Jul 6, 2021",Bump @types/ace from 0.0.42 to 0.0.47
4732943,110396888,Frederick-S,"Dec 4, 2018",Merge branch 'master' of github.com:Frederick-S/markote
61a2a0c,110396888,dependabot-preview,"Oct 19, 2020",Bump authlib from 0.14.3 to 0.15.2
3d325aa,110396888,dependabot-preview,"Dec 16, 2020",Bump copy-webpack-plugin from 5.1.1 to 6.4.1
e020c5a,110396888,dependabot-preview,"Dec 17, 2020",Bump vue-loader from 15.9.2 to 15.9.6
4a292d7,110396888,dependabot-preview,"Jan 4, 2021",[Security] Bump axios from 0.19.2 to 0.21.1
5235d41,364578771,Frederick-S,"Aug 15, 2021",add axios
c178a76,106218638,Frederick-S,"Aug 14, 2021",Merge pull request
d9e83a9,106218638,dependabot-preview,"Apr 29, 2021",Upgrade to GitHub-native Dependabot
181be28,127387436,Frederick-S,"Aug 14, 2021",Merge pull request
4c77637,127387436,dependabot-preview,"Feb 23, 2021",Bump Microsoft.NET.Test.Sdk from 16.8.3 to 16.9.1
3c7a4bb,127387436,dependabot-preview,"Apr 29, 2021",Upgrade to GitHub-native Dependabot
127c5ed,255032743,Frederick-S,"Aug 14, 2021",Merge pull request
998fc69,255032743,dependabot-preview,"Apr 29, 2021",Upgrade to GitHub-native Dependabot
f353cd2,160038588,Frederick-S,"Aug 14, 2021",Site updated: 2021-08-14 20:55:01
c4696ee,160038588,Frederick-S,"Aug 14, 2021",add copyright to each post
e744b2c,160038588,dependabot-preview,"Feb 22, 2021",Bump hexo from 5.3.0 to 5.4.0
5e9b06e,160038588,dependabot-preview,"Apr 29, 2021",Upgrade to GitHub-native Dependabot
74e014d,339349282,Frederick-S,"Feb 17, 2021",Update README.md
0c1fa36,141825063,IceEnd,"Jun 30, 2018",update readme
ed3513b,141825063,dependabot,"Aug 12, 2021",Bump path-parse from 1.0.5 to 1.0.7
07816b9,141825063,dependabot,"Aug 5, 2021",Bump tar from 2.2.1 to 2.2.2
cc92fb2,141825063,dependabot,"May 28, 2021",Bump dns-packet from 1.3.1 to 1.3.4
57b75b4,141825063,IceEnd,"Apr 2, 2018",更换协议
ce58e00,141825063,IceEnd,"Apr 7, 2018",menu bugfix
4d1ee48,141825063,IceEnd,"Apr 9, 2018",bugfix
af5be10,141825063,IceEnd,"Apr 19, 2018",'windows打包bugfix‘
a4730d7,141825063,IceEnd,"May 12, 2018",Create devconfig.json
569659e,169346696,DIYgod,"Feb 1, 2019","Revert ""test: socket"""
95ac5a4,169346696,dependabot,"Aug 12, 2021",build(deps): bump path-parse from 1.0.6 to 1.0.7
1a2331c,169346696,dependabot,"Aug 5, 2021",build(deps): bump tar from 4.4.8 to 4.4.15
d7a2295,169346696,dependabot,"Jul 20, 2021",build(deps): bump urijs from 1.19.1 to 1.19.7
e186487,169346696,dependabot,"Jun 28, 2021",build(deps): bump prismjs from 1.15.0 to 1.24.0
7237326,169346696,DIYgod,"May 25, 2018",revert
9cd9383,169346696,DIYgod,"Nov 14, 2018",add broken proxy support
e99447b,169346696,renovate-bot,"Feb 1, 2019",chore(deps): update dependency eslint to v5.13.0
51434e8,169346696,renovate-bot,"Feb 2, 2019",chore(deps): update dependency lint-staged to v8.1.3
0af82d3,169346696,renovate-bot,"Feb 3, 2019",chore(deps): update dependency prettier to v1.16.4
18282cb,252974852,msftgits,"Feb 17, 2021",ci: add Azure Static Web Apps workflow file
fab7863,252974852,dependabot,"Aug 12, 2021",build(deps): bump path-parse from 1.0.6 to 1.0.7
6b54aa2,252974852,dependabot-preview,"Jul 30, 2021",build(deps): bump core-js from 3.6.4 to 3.16.0
58aef3a,252974852,dependabot-preview,"Jul 27, 2021",build(deps): [security] bump url-parse from 1.4.7 to 1.5.3
083e91c,252974852,dependabot-preview,"Jul 26, 2021",build(deps-dev): bump lint-staged from 10.1.2 to 11.1.1
ee3800c,252974852,dependabot-preview,"Jul 22, 2021",build(deps): [security] bump color-string from 1.5.3 to 1.6.0
9d99577,252974852,dependabot-preview,"Sep 4, 2020",build(deps): [security] bump http-proxy from 1.18.0 to 1.18.1
c4dd4c7,252974852,dependabot-preview,"Nov 24, 2020",build(deps): [security] bump highlight.js from 9.18.1 to 9.18.5
da4cb59,252974852,dependabot-preview,"Dec 11, 2020",build(deps): [security] bump ini from 1.3.5 to 1.3.8
342e197,252974852,dependabot-preview,"Jan 4, 2021",build(deps): [security] bump axios from 0.19.2 to 0.21.1
5de535c,252974852,dependabot-preview,"Feb 2, 2021",build(deps): [security] bump elliptic from 6.5.2 to 6.5.4
a7f438c,249864751,Frederick-S,"May 16, 2021",Merge pull request
9785f48,249864751,dependabot,"Aug 12, 2021",build(deps): bump path-parse from 1.0.6 to 1.0.7
90604d6,249864751,dependabot,"Jul 7, 2021",build(deps): bump @types/react-dom from 16.8.3 to 17.0.9
5ba1c60,249864751,dependabot,"Jul 2, 2021",build(deps): bump @types/webpack-env from 1.13.1 to 1.16.2
ebaacf7,249864751,dependabot,"May 26, 2021",build(deps): bump browserslist from 4.11.0 to 4.16.6
69fe88c,249864751,dependabot-preview,"Jan 10, 2021",build(deps): [security] bump websocket-extensions from 0.1.3 to 0.1.4
b59c588,249864751,dependabot-preview,"Mar 22, 2021",build(deps-dev): bump @types/mocha from 2.2.38 to 8.2.2
10d5dff,249864751,dependabot-preview,"Mar 29, 2021",build(deps): [security] bump y18n from 3.2.1 to 3.2.2
79cb5df,249864751,dependabot-preview,"Apr 16, 2021",build(deps): [security] bump ssri from 6.0.1 to 6.0.2
985ee7c,249864751,dependabot-preview,"Apr 22, 2021",build(deps-dev): bump @microsoft/rush-stack-compiler-3.3
7202498,246729822,Frederick-S,"Aug 8, 2021",rename intro to abstract
34f1c03,246729822,dependabot,"Aug 12, 2021",Bump path-parse from 1.0.6 to 1.0.7
68abd7d,246729822,dependabot-preview,"Jul 22, 2021",Bump @vue/test-utils from 1.0.0-beta.32 to 1.2.2
5a50cce,246729822,dependabot-preview,"Jul 20, 2021",[Security] Bump color-string from 1.5.3 to 1.6.0
1f99760,246729822,dependabot-preview,"Jun 15, 2021",[Security] Bump postcss from 7.0.27 to 7.0.36
dd920c2,246729822,dependabot-preview,"Jun 8, 2021",[Security] Bump ws from 5.2.2 to 5.2.3
1f74058,246729822,dependabot,"Sep 13, 2020",Bump elliptic from 6.5.2 to 6.5.3
0b9ada5,246729822,dependabot-preview,"Nov 23, 2020",Bump vue-property-decorator from 8.4.1 to 9.1.2
3f3feb1,246729822,dependabot-preview,"Nov 24, 2020",[Security] Bump highlight.js from 9.18.1 to 9.18.5
1abe12c,246729822,dependabot-preview,"Dec 11, 2020",[Security] Bump ini from 1.3.5 to 1.3.8
3c0a778,246729822,dependabot-preview,"Jan 4, 2021",[Security] Bump axios from 0.19.2 to 0.21.1
f9e855a,152255319,Frederick-S,"May 18, 2021",Merge branch 'master' of
0155636,152255319,dependabot,"Aug 10, 2021",build(deps): bump path-parse from 1.0.6 to 1.0.7 in /web
04fc45c,152255319,dependabot-preview,"Aug 3, 2021",build(deps): [security] bump tar from 4.4.10 to 4.4.15 in /web
a60c3fb,152255319,dependabot-preview,"Aug 2, 2021",build(deps): bump aws-java-sdk-ses from 1.11.923 to 1.12.38
c541817,152255319,dependabot-preview,"Jul 30, 2021",build(deps): bump core-js from 3.6.4 to 3.16.0 in /web
760dedb,152255319,dependabot-preview,"Jul 29, 2021",build(deps): [security] bump url-parse from 1.4.7 to 1.5.3 in /web
8443b0a,152255319,dependabot-preview,"Jun 5, 2020",build(deps): [security] bump websocket-extensions in /web
58b817d,152255319,dependabot-preview,"Aug 18, 2020",build(deps): [security] bump dot-prop from 4.2.0 to 4.2.1 in /web
40358ee,152255319,dependabot-preview,"Sep 4, 2020",build(deps): [security] bump http-proxy from 1.17.0 to 1.18.1 in /web
c6e08f1,152255319,dependabot-preview,"Nov 23, 2020",build(deps): bump vue-property-decorator from 8.4.1 to 9.1.2 in /web
7a85264,152255319,dependabot-preview,"Nov 24, 2020",build(deps): [security] bump highlight.js from 9.15.9 to 9.18.5 in /web
98db2c3,246300470,Frederick-S,"Aug 8, 2021",Update README.md
e08c9a3,246300470,dependabot-preview,"Apr 29, 2021",Upgrade to GitHub-native Dependabot
8edaf77,202019741,rakzhodekams,"Jul 8, 2021",update all libs
1e35dd8,202019741,dependabot,"Aug 11, 2021",Bump path-parse from 1.0.6 to 1.0.7
2e37e6a,202019741,dependabot,"Jun 16, 2021",Bump postcss from 7.0.17 to 7.0.36
f590125,202019741,dependabot,"May 28, 2021",Bump dns-packet from 1.3.1 to 1.3.4
05897f1,202019741,dependabot,"Jun 7, 2020",Bump websocket-extensions from 0.1.3 to 0.1.4
22657fb,202019741,dependabot,"Mar 9, 2021",Bump elliptic from 6.5.0 to 6.5.4
a5a18c9,202019741,dependabot,"May 8, 2021",Bump url-parse from 1.4.7 to 1.5.1
7d47e31,248039469,rakzhodekams,"Jul 29, 2021",new build: no statusbar info
abab688,383948614,rakzhodekams,"Jul 14, 2021",algumas imagens de gatos de rua
6649544,236620297,rakzhodekams,"Jul 6, 2021",chmod -x ola_mundo.sh: O github guarda os ficheiros como executáveis.…
2e8b947,375901058,shivangraikar,"Aug 19, 2021",Update README.md
63ac09e,395053334,shubhamsg199,"Aug 8, 2021",Created check_valid_ip_address.py (
79dd0ec,395053334,cclauss,"Aug 4, 2021",opencv-python==4.5.3.56
8ed670e,395053334,cclauss,"Jul 7, 2021",updating DIRECTORY.md
0912246,395053334,cclauss,"Jun 12, 2021",CONTRIBUTING.md: Write for current Python
a0d31fe,395053334,cclauss,"Jul 21, 2019",Merge branch 'master' into Fix-ftp-to-allow-doctests
73b166f,395053334,cclauss,"May 31, 2020",Update doubly_linked_list.py
35b96fc,395053334,itsvinayak,"Jul 2, 2020",fixup! Format Python code with psf/black push
d798bee,395053334,cclauss,"Aug 23, 2020",Retest
d38369a,395053334,cclauss,"Sep 19, 2020",addons: apt: packages: - libblas-dev - liblapack-dev
ed7a8fb,363234446,shivangraikar,"Jul 27, 2021",Update README.md
f2bec73,363234446,shivangraikar,"May 10, 2021",Create LICENSE.md
adc1707,398796381,jaybeckr,"Jul 17, 2021",Add go.mod and go.sum
16f609c,275884974,shivangraikar,"Jul 8, 2021",Update LICENSE.md
369d330,275884974,dependabot,"Jun 8, 2021",Bump pillow from 5.4.1 to 8.2.0
c3a0d59,368899480,shivangraikar,"Jun 9, 2021",Multithreading program
e0f82d8,367337176,shivangraikar,"Jun 5, 2021",.csv dataset
d01286d,372276855,VincentGarreau,"Mar 25, 2017",Update README.md
c18c1b4,372276855,VincentGarreau,"Sep 27, 2015",update parallax
0be8296,362507204,shivangraikar,"Apr 28, 2021",Add files via upload
d12fe80,280207138,shivangraikar,"Oct 27, 2020",Update README.md
9d2564c,284735670,shivangraikar,"Aug 21, 2020",Update README.md
c69fb29,278401215,shivangraikar,"Jul 9, 2020",Create README.md
c74bd31,277892393,jacobo-martinez,"Jun 28, 2020",update deps
49bd569,263372918,shivangraikar,"Jun 27, 2020",Update Readme.md
3349c49,275598272,jab,"Jun 24, 2020",Merge pull request
79c71f2,275598272,mitsuhiko,"Feb 10, 2020",0.12.6.dev
d92b64a,275598272,davidism,"Feb 11, 2020",clean up merge
88c9c68,275598272,davidism,"Jun 7, 2020",Merge pull request
93bd621,272691813,shivangraikar,"Jun 17, 2020",Add files via upload
87ea29e,272175749,Abrar-04,"Jun 11, 2020",Update README.md
e7c608a,272975256,amueller,"Jun 8, 2020",Merge pull request
dd8747c,272975256,amueller,"Nov 4, 2012",woah that was unexpected
031449e,272975256,amueller,"Sep 22, 2014",adjust simple example to new interface
262c6ac,272975256,amueller,"Apr 29, 2015","update examples, docs."
54b7bde,272975256,amueller,"May 10, 2015",add font min_size and font_step to speed up everything.
33b7e1b,272975256,amueller,"Aug 25, 2015","add the ""pil way"" of showing an image to the simple.py"
3b04145,271281027,shivangraikar,"Jun 10, 2020",Create README.md
9ab1b81,270987049,krzjoa,"May 19, 2020",Merge pull request
2ecc6a5,266459849,shivangraikar,"May 24, 2020",Create README.md
2a235c2,265309264,shivangraikar,"May 19, 2020",Update README.md
d34c622,271900773,ageitgey,"Feb 20, 2020",Update setup.cfg
8789d10,271900773,ageitgey,"Aug 3, 2017",Fix flake8 error
bd34891,271900773,ageitgey,"Dec 30, 2017",Fix
1e202e6,271900773,ageitgey,"Jan 5, 2018",Add an example of automatically blurring faces in images or videos
99e31be,271900773,ageitgey,"Feb 1, 2018",Update Dockerfile example to use new verison of dlib that doesn't reu…
4ff1107,271900560,amineHorseman,"Mar 26, 2019",Merge pull request
bf6b5eb,220504399,shivangraikar,"Nov 8, 2019",Add files via upload
74511b9,200341511,shivangraikar,"Aug 3, 2019",Add files via upload
7c85282,191905718,shivangraikar,"Jun 14, 2019",Add files via upload
8187e3c,191983057,shivangraikar,"Jun 14, 2019",Add files via upload
5464a88,150802979,dalinhuang99,"Jul 2, 2019",Merge pull request
a52753e,150802979,dalinhuang99,"Nov 4, 2018",Update and rename README.md to doc.md
4cd1679,150802979,dependabot,"Aug 27, 2019",Bump eslint-utils from 1.3.1 to 1.4.2
4edf986,150802979,dependabot,"Apr 5, 2020",Bump acorn from 5.7.3 to 5.7.4
ec04e68,150802979,dependabot,"May 9, 2021",Bump lodash from 4.17.11 to 4.17.21
06ca28a,349445514,meltingice,"Jul 6, 2020",Merge pull request
fba6608,349445514,meltingice,"Apr 18, 2018",Add aggregate network data to network status tab
c61538f,349445514,meltingice,"Apr 25, 2018",Change account API to be more REST compatible
d5d5a4d,349445514,meltingice,"Apr 26, 2018",Check cloud providers for each peer
389235b,349445514,meltingice,"May 2, 2018",Try a new charting software. It's ok
3ed1bd9,349445514,meltingice,"May 22, 2018",Add tooltip for offline reps
0531789,101648699,dalinhuang99,"Jun 22, 2019",update - page 1 has random theme now!
4b4a43d,225030467,Jason3S,"Nov 27, 2019",Update French Compiled Dictionaries (
1aa4ba2,225030467,Jason3S,"Nov 23, 2019",Update cspell-tools
0ba6e8a,225030467,dalinhuang99,"Nov 30, 2019",add ruby and ruby on rails
9143394,149696341,dalinhuang99,"May 2, 2019",emoji hacker cat
e1e96e2,149696341,dalinhuang99,"Sep 21, 2018",Initial commit
5edd4be,149696341,dalinhuang99,"Oct 16, 2018",Update README.md
a145ea4,104968372,dalinhuang99,"Jul 10, 2019",Update README.md
ef14db9,104968372,dalinhuang99,"Oct 29, 2017",Update README.md
50cb9fe,156554726,dalinhuang99,"May 17, 2019",cleanup
e620809,154976956,dalinhuang99,"May 16, 2019",cleanup
77c3595,154976956,dalinhuang99,"Oct 27, 2018",Initial commit
33507c9,144785853,dalinhuang99,"May 16, 2019",Merge branch 'develop' of
f731701,144785853,dalinhuang99,"May 16, 2019",Merge pull request
ca9fc7a,187073802,sulliwane,"Feb 20, 2019",Merge pull request
3708ba5,187073802,vladostp,"May 16, 2019",Add public pool
adbe7ae,187073802,dalinhuang99,"May 16, 2019",typo
73b0529,187533603,satoshigodz,"May 14, 2019",Set theme jekyll-theme-minimal
67a4fd3,48760899,dalinhuang99,"May 1, 2019",Update package.json
b9c04ad,76312235,dalinhuang99,"Apr 8, 2019",Update README.md
c98d578,164691914,PanJiaChen,"Dec 31, 2018",[release] 3.10.0
d431de0,164691914,PanJiaChen,"Jan 24, 2018",perf keep-alive in nested route
56f67f0,164691914,PanJiaChen,"Jan 31, 2018",perf[chore]: webpack
775f6f5,164691914,PanJiaChen,"Jun 27, 2018",[release] 3.7.1
1df59cc,164691914,andreydos,"Aug 15, 2018",fix typo(
7c36e58,164691914,PanJiaChen,"Oct 12, 2018",r
d98b03d,156014498,dalinhuang99,"Dec 16, 2018",Update README.md
dac2e71,150051329,iliakan,"Sep 3, 2018",Update README.md
291fc85,149696924,felixhao28,"Sep 19, 2018",Merge pull request
ed8b6e0,149696924,ttscoff,"Nov 23, 2013",Create gh-pages branch via GitHub
a20acbe,258559135,cafeUncle,"Apr 29, 2020",vue-router
458b20b,258559135,dependabot,"Jun 17, 2021",Bump postcss from 7.0.27 to 7.0.36
3f466c8,258559135,dependabot,"Jun 6, 2021",Bump ws from 6.2.1 to 6.2.2
6113673,258559135,dependabot,"May 28, 2021",Bump dns-packet from 1.3.1 to 1.3.4
790941d,258559135,dependabot,"Jun 8, 2020",Bump websocket-extensions from 0.1.3 to 0.1.4
4ed6528,258559135,dependabot,"Sep 11, 2020",Bump http-proxy from 1.18.0 to 1.18.1
a7d4e78,258559135,dependabot,"Dec 12, 2020",Bump ini from 1.3.5 to 1.3.8
cbced04,258559135,dependabot,"Mar 10, 2021",Bump elliptic from 6.5.2 to 6.5.4
7496f94,258559135,dependabot,"Mar 31, 2021",Bump y18n from 4.0.0 to 4.0.1
6439fa6,256946078,cafeUncle,"Apr 19, 2020",Update README.md
c5b1664,256946078,dependabot,"Jun 17, 2021",Bump postcss from 7.0.27 to 7.0.36
df077ac,256946078,dependabot,"Jun 6, 2021",Bump ws from 6.2.1 to 6.2.2
1806df4,256946078,dependabot,"May 28, 2021",Bump dns-packet from 1.3.1 to 1.3.4
ad6a869,256946078,dependabot,"Jun 8, 2020",Bump websocket-extensions from 0.1.3 to 0.1.4
a7ea9ad,256946078,dependabot,"Sep 11, 2020",Bump http-proxy from 1.18.0 to 1.18.1
fa31283,256946078,dependabot,"Dec 12, 2020",Bump ini from 1.3.5 to 1.3.8
b8cc581,256946078,dependabot,"Mar 10, 2021",Bump elliptic from 6.5.2 to 6.5.4
2e81534,256946078,dependabot,"Mar 31, 2021",Bump y18n from 4.0.0 to 4.0.1
3685576,219625218,cafeUncle,"Jun 11, 2021",init
d64d186,323038672,hectorsector,"Sep 9, 2020",bump github-pages
1146f48,323038672,whitesource-bolt-for-github,"Jan 5, 2021",Add .whitesource configuration file
ba72c17,320721722,lmkeston,"Sep 21, 2020",bump node-forge
25c5734,320721722,lmkeston,"Sep 21, 2020",bump node-forge
9dda6cd,320721722,lmkeston,"Sep 21, 2020",bump node-forge
06807d0,320721722,lmkeston,"Sep 21, 2020",bump node-forge
73bba2f,320721722,heru616,"Dec 12, 2020",Create npm-publish.yml
61a50fc,320721722,heru616,"Dec 12, 2020",project happy
ce3bcaf,320720096,heru616,"Dec 12, 2020",Initial commit
b72702d,320720096,heru616,"Dec 12, 2020",Update index.md
14414ee,320720096,whitesource-bolt-for-github,"Jan 5, 2021",Add .whitesource configuration file
9c6bb93,318364946,heru616,"Dec 4, 2020",Initial commit
262deb7,318364946,whitesource-bolt-for-github,"Jan 5, 2021",Add .whitesource configuration file
119224a,317715595,heru616,"Dec 2, 2020",Initial commit
26ee88e,317715595,whitesource-bolt-for-github,"Jan 5, 2021",Add .whitesource configuration file
956f2d0,350007655,mattn,"Aug 21, 2021",Add ordered
16d9e76,398555721,mattn,"Aug 21, 2021",First import
bc6e726,81241955,mattn,"Aug 21, 2021",Merge pull request
ced2814,81241955,renovate-bot,"Jan 19, 2020",Update module mattn/go-runewidth to v0.0.8
c5dea09,81241955,renovate-bot,"Jan 21, 2020",Update module mattn/go-isatty to v0.0.12
0aad520,228015450,pojiro,"Aug 20, 2021",Update elixir-ls version to 0.8.0
5a9a1bd,228015450,mattn,"Feb 5, 2020",Merge branch 'master' into glslls
b0d2115,228015450,mattn,"Feb 11, 2020",Add sqls
26b5196,228015450,mattn,"Feb 27, 2020",Add customizable semantic_highlight
ca18711,228015450,mattn,"Mar 5, 2020",Install json-languageserver from git repository
597b8da,228015450,mattn,"Jul 30, 2020",s/angular-language-service/angular-language-server/g
19caedf,270303482,mattn,"Aug 19, 2021",Fix test
c4f0e89,270303482,mattn,"Jul 23, 2020",Add HEAD/DELETE/PUT/ANY
311355d,397759483,sachaos,"Aug 18, 2021",Update README
87be43d,397759483,mattn,"Aug 18, 2021",Use cmd.exe on Windows
65f6542,396826866,mattn,"Aug 18, 2021",Update README.md
d8fc712,397509782,grijul,"Aug 15, 2021",Update README.md
a29bb6b,397509782,mattn,"Aug 18, 2021",Use mattn/go-runewidth
b172108,80591161,mattn,"Aug 17, 2021",Merge pull request
09e043e,25238185,mattn,"Aug 17, 2021",Merge pull request
254b632,47863686,mattn,"Aug 13, 2021",Merge pull request
0f035cb,47863686,mattn,"Sep 26, 2017",traverse symlinks
d27b95a,47863686,mattn,"Dec 30, 2017",fix zglob command
b3cf6dd,47863686,mattn,"Apr 23, 2018",add zglob.New()
8a8d372,393107558,mattn,"Aug 6, 2021",Merge pull request
c1fcee4,297872187,mattn,"Aug 5, 2021",Upgrade dependencies
3392062,2755696,shogo82148,"Jul 20, 2021",bump codecov/codecov-action@v2 (
52808b5,2755696,mattn,"May 15, 2015",Create gh-pages branch via GitHub
ee9da48,2755696,mattn,"Jun 12, 2015",hack to use libsqlite3
d0e4959,2755696,mattn,"Nov 3, 2016",add go18 new feature
564e1ee,2755696,mattn,"Mar 20, 2017",add CSV module
cf9f5ca,2755696,typeless,"Sep 1, 2017",Add support for sqlite3_unlock_notify
4bb14d4,389099021,gmarin13,"Jul 20, 2021",Add support for matching split mappings to segments. (
1606fbe,389099021,aalexand,"Aug 4, 2021",Merge branch 'master' into fix-typos
040f55d,389099021,kalyanac,"Feb 26, 2019",correcting a typo in the number of dashes
d09caaf,389099021,kalyanac,"Feb 28, 2019",Recognize an executable without symbols
131fc72,389099021,kalyanac,"Mar 12, 2019",Drop XCode 8.3
0679a6c,389099021,aalexand,"Oct 22, 2019",Merge branch 'master' into aalexand-patch-1
8a99f76,389099021,wyk9787,"Jun 30, 2020",Update badge name.
0f45366,392687090,lestrrat,"Aug 4, 2021",Implement FirstNRunes (
d3ffe06,392687090,mattn,"Aug 4, 2021",remove needless comment
2223bd7,392687090,mattn,"Aug 4, 2021",Add test for FirstNRunes()
4b4f8f4,169221755,mattn,"Aug 4, 2021",Update .gitignore
bb527a1,169221755,mattn,"Jul 8, 2021",Update schema
cbf565b,389100386,bcmills,"May 2, 2021",go.mod: upgrade to go 1.17
a97430e,389100386,mattn,"Jul 27, 2021",all: fix typos
c6bd211,389100386,mattn,"Jul 27, 2021",all: fix typos
5de9028,389100386,quasilyte,"May 16, 2018",x86/x86avxgen: enable AVX512 encoder tables generation
5a4828b,389100386,laboger,"Dec 3, 2018",ppc64: fixes for ppc64 objdump
8a70ba7,389100386,jeady,"Aug 15, 2019",x86/x86asm: make x86asm.Decode thread-safe
8a70ba7,389100386,jeady,"Aug 15, 2019",x86/x86asm: make x86asm.Decode thread-safe
f7c7858,389100386,laboger,"May 11, 2020",ppc64/ppc64asm: update power9 for ppc64 and improve tests
61c622d,389099772,ianlancetaylor,"Apr 6, 2021",demangle: add LLVMStyle to demangle like LLVM demangler
a25ae08,389099772,mattn,"Jul 24, 2021",demangle: fix typo
3871461,1420057,skiz,"Jul 23, 2021",Update xmpp_information_query.go (
3189dbd,9495505,mattn,"Jul 22, 2021",Merge pull request
9ac8430,9495505,gdm85,"Nov 3, 2020",Remove duplicate environment parsing for BUILDKITE_PULL_REQUEST
d29a556,387738565,mattn,"Jul 22, 2021",godoc
2e1b0c1,22405117,mattn,"Oct 3, 2020",Avoid index out of range
031fe78,22405117,mattn,"Jul 30, 2014",Add png
a1d69c6,22405117,mattn,"Aug 16, 2017",save/restore part of buffers
715ae0b,181794360,mattn,"Jul 22, 2021",Merge pull request
1ccc74d,10835647,mattn,"Jul 22, 2021",Merge pull request
68134e7,18314451,mattn,"Jul 22, 2021",Merge pull request
9b0bf5f,18314451,mattn,"Feb 9, 2017",update README.md
62bfdec,207428397,mattn,"Feb 27, 2021",Merge pull request
a52a0b7,207428397,mattn,"Sep 18, 2019",Check 62-65
54d4b84,25883731,mattn,"Jul 16, 2021",Make binary
2de9837,106024262,mattn,"Jul 15, 2021",signal.Notify should take buffered chan
169ee07,180091814,jonreiter,"Apr 3, 2019",A+C: add Jonathan Reiter
cc0443d,180091814,mattn,"Jul 14, 2021",mat: fix typo
4472db5,180091814,mattn,"Jul 13, 2021",A+C: add Yasuhiro Matsumoto
a03a685,180091814,Kunde21,"Aug 5, 2017",asm/f64: Base copy asm. Needs prefetching strategy to be worthwhile.
4258547,180091814,sbinet,"Aug 17, 2017",joss-paper: PR comment
8aed8a5,180091814,Kunde21,"Oct 28, 2017",asm/f64: Formatting fixes in ge_amd64.go
daf39dc,180091814,kortschak,"Mar 4, 2018","fourier: add DCT, DST and QW-FFT APIs"
9617ad7,180091814,kortschak,"Apr 10, 2018",stat: add matrix conditioning functions for MCA and MDS
ef971a5,39970626,jinnjuice,"Sep 2, 2015",readding deleted twitter icon
6fbad5b,39524992,jinnjuice,"Jul 29, 2015",adding cart update and show correct total
97e6d72,39224953,jinnjuice,"Jul 21, 2015",adding subract button
dc5afdf,39225320,jinnjuice,"Jul 16, 2015",Initial commit
2a12357,390740942,sergey-melnychuk,"Jul 29, 2021",Add README
2a12357,390740942,sergey-melnychuk,"Jul 29, 2021",Add README
733def7,390613544,DarthPestilane,"Jul 27, 2021",Merge branch 'feature/remove-mutelogger'
8480400,390613544,DarthPestilane,"Jul 26, 2021",move MuteLogger into tests
12ce946,391292951,d4l3k,"Jul 26, 2021",readme: fix unit test badge path
7a98ccf,390738100,regeda,"Jul 5, 2021",Merge pull request
4eeaa9d,391512345,ferhatgec,"Jul 4, 2021",Fix (Main): Use trim if line starts with whitespace.
dfae65d,55215539,Lisprez,"Jun 16, 2021",Update README.md
458dc28,370626778,Lisprez,"May 27, 2021",Update README.md
ae2ece3,368102753,auxten,"May 15, 2021",Fix readme SQL
9492bd7,362461246,jasmcaus,"Apr 26, 2021",Format
190a5ec,362461246,jasmcaus,"Apr 18, 2021",Add token
27fe5c6,362377332,Water-Melon,"Apr 25, 2021",update docs and readme
0abc388,312183368,Lisprez,"Apr 15, 2021",Update README.md
e7bba7b,346646819,sappo,"Mar 4, 2021",Merge pull request
105b72c,346646819,hintjens,"Dec 30, 2014","Revert ""Fix/tim clifford/at least attempt to fix chapter links"""
ded0431,346646819,sappo,"Mar 11, 2017","Revert ""Fix: invalid link address"""
287e7a4,367221626,lmb,"Jan 25, 2021",fix flaky TestFilesAreNonblocking on CI
263380c,367221626,lmb,"Apr 28, 2020",Enable Windows on CI
f0fdac9,367221626,lmb,"Jan 25, 2021",fix incorrect arguments when starting a child
293fa4b,367221626,lmb,"Jan 25, 2021",fix flaky TestFilesAreNonblocking on CI
d7b5828,382352021,realcr,"Jan 16, 2021",Added interactive symbols list shortcut to coc
15007bb,327188862,lthibault,"Dec 28, 2020",Improvements to README.md (
2b9e0e2,327188862,lthibault,"Nov 5, 2020",Add benchmarks for vector.
03729e5,327188862,lthibault,"Dec 20, 2020",Bugfix: populate VectorExpr with analyzer.
bc9aa39,327188862,lthibault,"Dec 21, 2020",Add unbound symbol test for VectorExpr.
5e6dce9,327188862,lthibault,"Dec 21, 2020",Move README section about extending Slurp to Wiki.
be6c678,320210784,jasonbosco,"Dec 9, 2020",Update SHOWCASE.md
79a864b,320210784,kishorenc,"Feb 11, 2020",Merge branch 'master' into mysql_integration
e915c51,320210784,kishorenc,"Mar 7, 2020",Expose typo_tokens_threshold parameter.
64399fe,320210784,kishorenc,"Apr 9, 2020",Experiment with including token position in match score.
da95807,320210784,kishorenc,"May 23, 2020",Fix build.
d53061e,320210784,kishorenc,"Jul 4, 2020",Update README.
e4d4c62,319683270,genivia-inc,"Dec 6, 2020",Merge pull request
fcd54ac,305914324,ibireme,"Oct 20, 2020",update doc
01a0b90,296513396,ithewei,"Sep 9, 2020",exit master process if no alive worker process
01a0b90,296513396,ithewei,"Sep 9, 2020",exit master process if no alive worker process
04f8939,312179632,smallnest,"Sep 4, 2020",Update README.md
c5f9152,377049789,davidarrieta,"Sep 2, 2020",Had to fix something. PD: Sooner or later I'll update this repo I pro…
882052f,286615959,PG1003,"Aug 10, 2020",Update CHANGELOG.txt
e63f357,286615959,PG1003,"Feb 28, 2020",Moved observer_handle::remove_from_owner to abstract_observer
c3e79af,285776860,smallnest,"Jul 30, 2020",support add/remove raft nodes
51b431a,283104190,tidwall,"Jul 27, 2020",first commit
b8f27e2,283930816,harshavardhana,"Jul 23, 2020",add godoc and update README.md
f1353f5,280656150,Jguer,"Jul 17, 2020",update zim
f1353f5,280656150,Jguer,"Jul 17, 2020",update zim
21d630c,280996628,kristijanhusak,"Jul 15, 2020",Add floaterm.
364d453,280996628,kristijanhusak,"Nov 12, 2017",Test Konsole terminal.
93e2779,280996628,kristijanhusak,"Apr 10, 2018",Add notification counter to tmux statusline.
aa2ea60,280996628,kristijanhusak,"Apr 26, 2018",Update tmux statusline to match gruvbox colors.
f73bda8,280996628,kristijanhusak,"May 3, 2018",Update readme.
9b0659f,280996628,kristijanhusak,"May 3, 2018",Rebase and setup nord.
0b70cd6,283637131,Qquanwei,"Jul 13, 2020",feat: org note 跳过最近两周外的记录
b460d03,283637131,Qquanwei,"Feb 9, 2017",remove js-auto-beautify
75bd92d,282796357,daniel-nichter,"Jul 11, 2020",Update README.md
9a47569,282796357,croqaz,"Jul 16, 2019",Convert a switch statement to if condition
a9258bb,282796357,croqaz,"Jul 26, 2019",Fix testing coverage
fac9413,282796357,daniel-nichter,"Jan 26, 2020",Add CHANGELOG.md
b1d75a0,282796357,daniel-nichter,"Jan 26, 2020",Fix Windows test coverage
9e7587f,278543492,Ubpa,"Jul 9, 2020",Update README.md
d78006a,164038834,ZECTBynmo,"May 28, 2021",updates
116421c,359188031,ZECTBynmo,"Apr 18, 2021",Initial commit
228d09c,359188031,ZECTBynmo,"Apr 18, 2021",first commit for WebAR!
9813b1e,351548127,ZECTBynmo,"Mar 25, 2021",first commit
6ff0bf8,299479331,stevengill,"Sep 23, 2020",Merge pull request
1ab67fc,299479331,grantmd,"May 29, 2015",release 1.4.1
433f0d0,299479331,aoberoi,"Sep 10, 2018",Merge pull request
73c0a17,299479331,aoberoi,"Mar 7, 2019","Revert ""Drop support for node <v8 LTS"""
e16a5d1,299479331,shaydewael,"Mar 19, 2019",Merge pull request
f4f0a30,299479331,clavin,"Jul 25, 2019",Merge branch 'master' into add_code_of_conduct_file
d85e188,262215384,ZECTBynmo,"May 26, 2020",setup pod mirroring
c125883,252841904,chusAlvarez,"Mar 12, 2020",Merge pull request
37e136d,252841904,chusAlvarez,"Nov 14, 2019",update when the stateful version runs
694251f,252841904,chusAlvarez,"Nov 26, 2019",more deep slaves checking when updated
b37f4dc,239220199,swaminator,"May 21, 2019",Update to Node 8.10
50c9964,239220199,dependabot,"Jan 30, 2020",Bump js-yaml from 3.12.1 to 3.13.1
2fe2a32,239220199,dependabot,"Jan 30, 2020",Bump lodash.template from 4.4.0 to 4.5.0
289e113,239220199,dependabot,"Jan 30, 2020",Bump eslint-utils from 1.3.1 to 1.4.3
d0b36e9,239220199,dependabot,"Jan 30, 2020",Bump handlebars from 4.0.12 to 4.7.2
fcedabf,239220199,dependabot,"Jan 30, 2020",Bump lodash-es from 4.17.11 to 4.17.15
dd5d17a,231864573,ZECTBynmo,"Jan 5, 2020",Update main.yml
934a8d1,222522465,panva,"Nov 14, 2019",chore(release): 3.8.3
cfade37,212723658,antonbabenko,"Jul 21, 2019",Updated CHANGELOG
4a4e014,212723658,antonbabenko,"Aug 27, 2019",Updated CHANGELOG
de2ccca,205625381,swaminator,"May 29, 2019",Update README.md
64c702c,185083676,jrgillick,"May 2, 2019",Fix GrooVAE bug with audio upload (
7d7a1f1,185083676,chrisdonahue,"Nov 30, 2018",Redirected (
ab7d9b4,168426945,ZECTBynmo,"Jan 30, 2019",first commit
fe15df4,167479922,rjanicek,"Sep 28, 2018",* updated all dependencies
29fc264,330426500,awrede,"Aug 19, 2018",add msgpack
230e2e5,185769043,zhangshe,"Oct 26, 2018",增加调试配置
2bbaed2,130200357,juanfranblanco,"Apr 13, 2018",Merge pull request
1699b40,130200357,Dave-Whiffin,"Mar 23, 2018",Removed unecessary reference in proj file.
ccf336a,154092793,sjzjams,"Jul 27, 2017",Update README.md
7e7948c,72442171,jbogard,"Oct 24, 2016",Merge pull request
b151a33,72442171,jbogard,"May 25, 2016",Test for
9c00ad4,72442171,jbogard,"May 26, 2016",Removing some unused methods
9db82b8,72442171,jbogard,"Jun 17, 2016",Removing more unused methods
cc1c0d3,72442171,jbogard,"Jul 14, 2016",Consolidated
11f95aa,72442171,jbogard,"Jul 14, 2016",What i was talking about. The constructor map field originally was wr…
f9ec68a,32252308,angusshire,"May 20, 2019",Merge pull request
1b68ae9,226186924,blbeckercl,"Dec 5, 2019",Merge pull request
1d914a4,226186924,indyFan63,"Dec 5, 2019",Oops missing the &&
980fec9,226186924,angusshire,"Dec 5, 2019",Update Dockerfile
21333dc,207505263,dekuNukem,"Sep 9, 2019",Update README.md
0a6e5f4,196451236,ckreibich,"Jul 11, 2019",Initial commit
2506a07,197078963,russellhaering,"Apr 5, 2019",Merge pull request
bcfee4f,197078963,phoebesimon,"Mar 30, 2016",saml.go: export WarningInfo and ProxyRestriction
5c9fda0,197078963,phoebesimon,"Apr 21, 2016",xml_constants.go: prefixed nameId format consts with NameIdFormat
9315ad8,197078963,phoebesimon,"Jul 18, 2016",Add IsOkta option to workaround weirdness with their canonicalization…
81da74b,197078963,russellhaering,"Jul 25, 2016",Add a table-driven identity provider test with an Auth0 example
245f661,197078963,russellhaering,"Jul 26, 2016",Honor SignAuthnRequestsAlgorithm
dd173f4,187394948,jsiwek,"May 17, 2019",Always emit scripting errors to stderr during zeek_init
795f1b4,187394948,sethhall,"Oct 22, 2010",Moving my work on case insensitive patterns over from subversion. It'…
7a8ec01,187394948,sethhall,"Dec 9, 2010",Added an initial Sebek analyzer.
00a2aef,187394948,sethhall,"Feb 10, 2011",Testing close ticket:393
2b6ad76,187394948,rsmmr,"Mar 9, 2011",Creating a branch release/1.5 with the current 1.5.3 release code.
92b5686,187394948,rsmmr,"Mar 14, 2011",Merge branch 'master' into devel
03b0ad9,190628567,winstonhong,"May 1, 2019",Add Shibboleth SAML SP.
337d6ea,192439663,kallaspriit,"Aug 10, 2018",v2.0.0
8c3b36a,198697040,amarsgithub,"Jun 26, 2018",Things work
6c1f304,28294643,4148,"Apr 6, 2015",Update README.md
29dc5d2,187852110,rsmmr,"Aug 22, 2017",Fixing test support script.
6a6d636,187852110,rsmmr,"Oct 12, 2012",Merge branch 'offset' into justrx-jit
2833702,187852110,rsmmr,"Nov 15, 2013",A quick hack to give HILTI true globals for testing/evaluation.
266692f,187852110,rsmmr,"Oct 13, 2014",Fix for some sink operations not flagging requiring safe points.
509d72c,187852110,rsmmr,"Oct 23, 2014",Fixing regressions.
aa6e381,187852110,mavam,"Nov 12, 2014",Add missing socket includes.
54925c0,187508313,sethhall,"Jun 6, 2017",Updating tests.
1d0de3a,95984687,tongkiat,"May 25, 2016",Use puma via Procfile
6ab5583,54512789,kcparashar,"Mar 22, 2016",Fuck Dropbox
1b429b4,58106647,sdulal,"Mar 17, 2016",Fix TBP functionality and change README to include link to pip
cc94556,49155565,angusshire,"Feb 2, 2016",f subs
5d111b1,49156403,angusshire,"Mar 26, 2015",update
40b3101,26068422,angusshire,"Jan 6, 2016",Update README.md
39b12dd,323191616,yihong0618,"Aug 23, 2021",Replace README
a738faf,197481906,yihong0618,"Aug 23, 2021",Refresh README AND BACK UP
7955421,197481906,yihong0618,"Jun 17, 2021",Create LICENSE
d4ac0cd,396572307,yihong0618,"Aug 23, 2021",Add new runs
5c7fdcf,396572307,github-actions,"Aug 23, 2021",Deploy to GitHub pages
f768d05,396572307,yihong0618,"Jan 31, 2021",[WIP] feat: add xiaomi sync
d24d96b,289895289,yihong0618,"Aug 23, 2021",Add new audio
e6bc149,360028025,yihong0618,"Aug 23, 2021",Make new poster
48fde68,360028025,yihong0618,"Jul 15, 2021",feat: multiple wip phase3
07a0434,360028025,yihong0618,"Jul 7, 2021",Make new poster
720d885,274007906,yihong0618,"Aug 22, 2021",Add new runs
ea7d60e,274007906,dependabot,"Aug 13, 2021",Bump path-parse from 1.0.6 to 1.0.7
db39bb1,274007906,dependabot,"Aug 12, 2021",Bump url-parse from 1.4.7 to 1.5.3
7bc1075,274007906,dependabot,"Jul 14, 2021",Bump hosted-git-info from 2.8.5 to 2.8.9
9b00195,274007906,dependabot,"Jul 14, 2021",Bump devcert from 1.1.0 to 1.1.3
3452367,274007906,yihong0618,"Jun 26, 2020",page test
6b7ad7e,375876443,yihong0618,"Aug 22, 2021",Replace README
fb01f1e,296233312,yihong0618,"Aug 18, 2021",fix: drop time offset for nike to strava
5404a77,296233312,github-actions,"Aug 16, 2021",Deploy to GitHub pages
f768d05,296233312,yihong0618,"Jan 31, 2021",[WIP] feat: add xiaomi sync
e26faed,397422127,yihong0618,"Aug 18, 2021",fix
aa9be8c,280119162,yihong0618,"Aug 17, 2021",Update README.md
6a48549,231712787,yihong0618,"Apr 6, 2021",Merge branch 'master' of
25a6715,231712787,dependabot,"Aug 11, 2021",build(deps): bump path-parse from 1.0.6 to 1.0.7
ae485b1,231712787,dependabot,"May 11, 2021",build(deps): bump lodash from 4.17.19 to 4.17.21
105b6a7,221141998,yihong0618,"May 18, 2020","add, 121"
a9a92b0,221141998,dependabot,"Aug 11, 2021",Bump path-parse from 1.0.6 to 1.0.7
17c9098,221141998,dependabot,"Jun 10, 2021",Bump glob-parent from 5.1.0 to 5.1.2
7433111,221141998,dependabot,"May 10, 2021",Bump lodash from 4.17.15 to 4.17.21
c68de1e,221141998,dependabot,"May 11, 2021",Bump hosted-git-info from 2.8.5 to 2.8.9
228422b,355466452,yihong0618,"Jul 29, 2021",补充部分信息
3c8241d,384330188,yihong0618,"Jul 9, 2021",Update README.md
d96544e,383294035,pomber,"Jul 2, 2021",Update readme.md
6c032e1,246191949,No-Github,"Apr 2, 2021",Merge pull request
e595829,381536500,yihong0618,"Jun 30, 2021",Initial commit
c622638,379156861,yihong0618,"Jun 22, 2021",Update README.md
2a17d2f,372391716,fogleman,"Jun 16, 2021",Update README.md
7b73761,377029248,yihong0618,"Jun 16, 2021",fix: test2
ba8da5b,348954335,yihong0618,"Jun 15, 2021",Add files via upload
cc87dc9,377001838,e99p1ant,"Jun 14, 2021",Update README.md
31c14cc,330515645,yihong0618,"Jun 9, 2021",Update run_duolingo.yml
f5728df,379151082,shuhari,"May 5, 2021",Update readme.
d910c22,379151082,dependabot,"Jun 2, 2021",Bump urllib3 from 1.26.4 to 1.26.5 in /contingent
ab4541d,342569209,yihong0618,"May 25, 2021",fix
0155564,342569209,cyberjunky,"Jan 8, 2020",Merge branch 'master' of
262e1e2,342569209,cyberjunky,"Feb 22, 2020",Small fixes
a2255c8,342569209,cyberjunky,"Feb 22, 2020",Fixed typos
a1be902,342569209,cyberjunky,"Mar 23, 2020",Fixed stats_and_body_composition concatenate bug
80b7ab7,342569209,cyberjunky,"Jan 20, 2021",Added get hydration data
d629c40,368073312,yihong0618,"May 25, 2021",Merge branch 'vesoft-inc:master' into master
79cf5bc,368073312,laura-ding,"Jan 18, 2021",modify generate ngql (
ef0e6cf,368073312,jievince,"Jan 21, 2021",[bugfix] support decoding different versions of data
223849b,368073312,yihong0618,"May 20, 2021",Fix: typo
d028599,365419126,yihong0618,"May 8, 2021",init
8e60389,349701331,yihong0618,"Mar 20, 2021","feat: add animation duration can config arg, add github poster animation"
ef99705,349701331,flopp,"Jan 6, 2018",add option --heatmap-center
de3a4c3,349701331,flopp,"Mar 18, 2018",run 'compileall' in 'test' target
e7c8a0c,365450140,haccer,"Mar 2, 2021",Add Dockerfile
573fa6c,365450140,pielco11,"Dec 19, 2019",Updated exit calls
f111eb1,343724774,yihong0618,"Apr 23, 2021",Update README.md
