html2pdf,254372869,Frederick-S,master,3,1,0
nhk-easy-api,268228900,Frederick-S,master,3,0,0
jma-api,252945497,Frederick-S,master,3,0,0
awesome-free-books,380457353,Frederick-S,main,0,0,0
markote,110396888,Frederick-S,master,3,7,2
yuque-to-markdown,364578771,Frederick-S,main,2,0,1
NinetyNineProblems,106218638,Frederick-S,master,3,0,0
30-seconds-of-csharp,127387436,Frederick-S,master,3,0,0
Strings,255032743,Frederick-S,master,3,0,0
frederick-s.github.io,160038588,Frederick-S,master,2,0,0
html2pdf-web,339349282,Frederick-S,main,2,1,0
Yosoro,141825063,Frederick-S,master,0,0,409
RSSHub,169346696,Frederick-S,master,0,0,3152
jma-web,252974852,Frederick-S,master,3,0,0
sp-hacker-news,249864751,Frederick-S,master,2,0,0
ebooks-web,246729822,Frederick-S,master,2,0,0
nhk-easy-daily,152255319,Frederick-S,master,3,1,1
ebooks-api,246300470,Frederick-S,master,3,0,1
web-clipper,389235792,Frederick-S,master,0,0,253
Fireup,202019741,rakzhodekams,master,0,2,0
Linux,248039469,rakzhodekams,master,0,0,1
adac,383948614,rakzhodekams,main,0,0,0
video_aulas,236620297,rakzhodekams,master,0,1,1
livros,368500921,rakzhodekams,main,0,0,0
shivangraikar.github.io,375901058,shivangraikar,main,0,5,0
Python,395053334,shivangraikar,master,0,0,31150
DataSciencevalue,363234446,shivangraikar,main,0,5,0
golorem,398796381,shivangraikar,master,0,0,2
WC-Generator,275884974,shivangraikar,master,0,7,3
Distributed-Computing,368899480,shivangraikar,main,0,2,1
NLP-Patient-summary,367337176,shivangraikar,main,0,2,0
particles.js,372276855,shivangraikar,master,0,2,4321
DS,362507204,shivangraikar,main,0,2,0
Twitter-Data-Mining-For-Targeted-Marketing,280207138,shivangraikar,master,0,4,3
Golang-Database,284735670,shivangraikar,master,0,2,1
website,278401215,shivangraikar,master,0,2,1
simplefolio,277892393,shivangraikar,master,0,2,3031
Golang,263372918,shivangraikar,master,0,2,1
flask,275598272,shivangraikar,master,0,2,14548
NLP,272691813,shivangraikar,master,0,4,1
Facial_Expression_Recognition_APP,272175749,shivangraikar,master,0,2,3
word_cloud,272975256,shivangraikar,master,0,2,2118
Facial-Recognition,271281027,shivangraikar,master,0,2,1
awesome-python-data-science,270987049,shivangraikar,master,0,2,189
book-recommendor,266459849,shivangraikar,master,0,2,1
Web-scrapper-python,265309264,shivangraikar,master,0,2,0
face_recognition,271900773,shivangraikar,master,0,2,11488
facial-expression-recognition-using-cnn,271900560,shivangraikar,master,0,2,122
HMS-using-Java,220504399,shivangraikar,master,0,2,0
codecell,200341511,shivangraikar,master,0,1,0
Computer-graphics,191905718,shivangraikar,master,0,2,0
Turtle-race-using-Turtle,191983057,shivangraikar,master,0,2,0
Sentiment-Analysis-Twitter,191920168,shivangraikar,master,0,2,2
restapi,150802979,dalinhuang99,DEMO,2,6,2
nanocrawler,349445514,dalinhuang99,master,0,1,56
dalinhuang99.github.io,101648699,dalinhuang99,master,0,215,50
cspell-dicts,225030467,dalinhuang99,master,0,0,92
Study-Notes,149696341,dalinhuang99,master,0,50,20
GitHubFollower,104968372,dalinhuang99,develop,2,56,11
tweepy,156554726,dalinhuang99,master,0,8,2
LeetCode,154976956,dalinhuang99,master,0,17,2
betify,144785853,dalinhuang99,develop,0,8,1
iexec-pools-registry,187073802,dalinhuang99,master,0,1,27
blockchain-random-number-algorithm,187533603,dalinhuang99,master,0,4,4
meanjs,48760899,dalinhuang99,master,0,12,2
shopify-store-auto-pwd,76312235,dalinhuang99,master,0,7,3
vue-element-admin,164691914,dalinhuang99,master,0,0,25329
udemy-python3,156014498,dalinhuang99,master,0,4,6
javascript-tutorial-en,150051329,dalinhuang99,master,0,5,2790
MarkdownEditing,149696924,dalinhuang99,master,0,2,660
vue-sample,258559135,cafeUncle,master,0,0,0
webpack-sample,256946078,cafeUncle,master,0,0,0
golang-practice,219625218,cafeUncle,master,0,0,0
noedge,175597816,cafeUncle,master,0,0,0
github-slideshow,323038672,heru616,main,8,1,0
github-actions-continuous-delivery-azure,320721722,heru616,master,6,1,0
project-ok,320720096,heru616,main,0,1,0
project-happy,318364946,heru616,main,0,1,0
heru,317715595,heru616,main,0,1,0
go-generics-example,350007655,mattn,main,3,557,42
go-iseven,398555721,mattn,main,0,1,0
memo,81241955,mattn,master,19,795,71
vim-lsp-settings,228015450,mattn,master,95,725,131
clask,270303482,mattn,master,3,113,4
viddy,397759483,mattn,master,0,1,12
pqssh,396826866,mattn,main,0,40,2
zauth,397509782,mattn,main,0,0,2
sshgo,80591161,mattn,master,4,29,3
go-mjpeg,25238185,mattn,master,3,38,15
go-zglob,47863686,mattn,master,6,166,15
echo-ent-example,393107558,mattn,main,3,9,3
entgo-bbs,297872187,mattn,master,0,8,1
go-sqlite3,2755696,mattn,master,141,5028,864
pprof,389099021,mattn,master,0,0,421
xstrings,392687090,mattn,main,0,0,3
efm-langserver,169221755,mattn,master,31,552,33
arch,389100386,mattn,master,0,0,35
demangle,389099772,mattn,master,0,0,13
go-xmpp,1420057,mattn,master,49,480,169
goveralls,9495505,mattn,master,67,695,130
gowasmer,387738565,mattn,main,2,62,4
go-colorable,22405117,mattn,master,18,545,70
mruby-tflite,181794360,mattn,master,4,14,3
go-runewidth,10835647,mattn,master,11,376,66
go-isatty,18314451,mattn,master,25,540,76
longcat,207428397,mattn,master,9,590,22
serve,25883731,mattn,master,0,23,0
webcam-live,106024262,mattn,master,0,10,3
gonum,180091814,mattn,master,0,0,411
new-website,39970626,jinnjuice,master,0,0,0
rocket-shop,39524992,jinnjuice,master,0,0,0
ProteinTracker,39224953,jinnjuice,master,0,0,0
minimum-angle,39225320,jinnjuice,master,0,0,0
yakvdb,390740942,Lisprez,main,0,0,2
easytcp,390613544,Lisprez,master,0,0,8
go-pry,391292951,Lisprez,master,0,0,64
expr,390738100,Lisprez,main,0,0,1
scrift,391512345,Lisprez,master,0,0,3
so_stupid_search,55215539,Lisprez,master,4,102,5
arithmetic_expression_evaluator,370626778,Lisprez,main,2,1,0
go-sqldb,368102753,Lisprez,main,0,0,56
Hazel,362461246,Lisprez,dev,0,0,1
Melon,362377332,Lisprez,master,0,0,11
Lisprez,312183368,Lisprez,main,0,1,0
zguide,346646819,Lisprez,master,0,0,1538
tableflip,367221626,Lisprez,master,0,0,105
my_init_vim,382352021,Lisprez,master,0,0,2
slurp,327188862,Lisprez,master,0,0,3
typesense,320210784,Lisprez,master,0,0,180
ugrep,319683270,Lisprez,master,0,0,34
yyjson,305914324,Lisprez,master,0,0,130
libhv,296513396,Lisprez,master,0,0,471
smallnest,312179632,Lisprez,master,0,0,18
dotfiles-1,377049789,Lisprez,master,0,0,13
observer,286615959,Lisprez,master,0,0,4
basalt,285776860,Lisprez,master,0,0,15
redcon.c,283104190,Lisprez,master,0,0,4
selfupdate,283930816,Lisprez,master,0,0,8
dotfiles,280656150,Lisprez,master,0,0,17
neovim-config,280996628,Lisprez,master,0,0,37
emacs,283637131,Lisprez,master,0,0,14
cmd,282796357,Lisprez,master,0,0,89
USRefl,278543492,Lisprez,master,0,0,46
cynthiascripts,164038834,ZECTBynmo,master,0,0,0
lovelyel9o5,359188031,ZECTBynmo,main,0,0,0
awesome-engineering-youtube,351548127,ZECTBynmo,master,0,0,0
node-slack-sdk,299479331,ZECTBynmo,main,0,0,634
kube-mirror,262215384,ZECTBynmo,master,0,3,0
redis-operator,252841904,ZECTBynmo,master,0,0,174
aws-appsync-chat,239220199,ZECTBynmo,master,0,0,308
terraform-aws-mongodb,231864573,ZECTBynmo,master,0,0,4
node-openid-client,222522465,ZECTBynmo,master,0,0,260
terraform-aws-rds,212723658,ZECTBynmo,master,0,0,731
create-react-app-auth-amplify,205625381,ZECTBynmo,master,0,0,4030
magenta-demos,185083676,ZECTBynmo,master,0,0,378
docker-demo,168426945,ZECTBynmo,master,0,1,0
connectwise-action-api,167479922,ZECTBynmo,master,0,0,2
steamlink,330426500,ZECTBynmo,master,0,0,3
UIDP,185769043,newbokee,master,0,3,1
Nethereum,130200357,newbokee,master,0,0,501
Wyc_NEWRK,154092793,newbokee,master,0,3,6
AutoMapper,72442171,newbokee,master,0,1,1628
greenhat,32252308,angusshire,master,4,1504,178
docker-fleet-api-ci,226186924,angusshire,master,0,2,5
daytripper,207505263,angusshire,master,0,8,134
pycommunityid,196451236,angusshire,master,0,2,6
gosaml2,197078963,angusshire,master,0,3,81
zeek,187394948,angusshire,master,0,3,981
Shibboleth-SAML-IdP-and-SP,190628567,angusshire,master,0,2,12
slack-logger,192439663,angusshire,master,0,4,4
XOR-Linked-List,198697040,angusshire,master,0,1,3
memscan,28294643,angusshire,master,0,115,23
hilti,187852110,angusshire,master,0,2,22
credit-card-exposure,187508313,angusshire,master,0,4,19
hello-rails,95984687,angusshire,master,0,2,103
exams,54512789,angusshire,master,0,41,46
cs-exams-downloader,58106647,angusshire,master,0,15,7
rosalind,49155565,angusshire,master,0,21,9
msbot,49156403,angusshire,master,0,58,15
mac-spoofer,26068422,angusshire,master,0,163,47
2021,323191616,yihong0618,main,0,123,8
gitblog,197481906,yihong0618,master,0,207,23
run,396572307,yihong0618,master,29,0,0
gcores_calendar,289895289,yihong0618,master,2,20,3
GitHubPoster,360028025,yihong0618,main,11,469,57
blog,274007906,yihong0618,master,2,13,2
iBeats,375876443,yihong0618,main,0,56,10
running_page,296233312,yihong0618,master,29,1355,263
stravalib,397422127,yihong0618,master,0,0,152
yihong0618,280119162,yihong0618,master,0,1,7
vscode-gcores,231712787,yihong0618,master,2,53,1
edocteel001,221141998,yihong0618,master,2,1,0
dalian-IT,355466452,yihong0618,main,2,35,4
nbnhhsh-cli,384330188,yihong0618,main,0,27,1
stargazer,383294035,yihong0618,main,0,0,73
Digital-Privacy,246191949,yihong0618,master,0,0,375
bileave,381536500,yihong0618,main,0,0,0
500,379156861,yihong0618,main,0,1,0
sdf,372391716,yihong0618,main,0,0,42
svgwrite,377029248,yihong0618,master,0,0,68
test_svg,348954335,yihong0618,main,0,0,0
wuhan005,377001838,yihong0618,master,0,0,10
duolingo_remember,330515645,yihong0618,main,0,16,5
500lines-rewrite,379151082,yihong0618,master,0,0,6
python-garminconnect,342569209,yihong0618,master,0,0,43
nebula-python,368073312,yihong0618,master,0,0,30
github_upstream_script,365419126,yihong0618,main,0,1,2
GpxTrackPoster,349701331,yihong0618,main,0,0,32
twint,365450140,yihong0618,master,0,0,1654
running_skyline,343724774,yihong0618,main,0,16,0
