dd84ea7,{'file_name': 'dd84ea7'},md,38,0,38
48d5f81,{'file_name': '48d5f81'},md,10,0,10
bbcbbe7,{'file_name': 'bbcbbe7'},md,20,0,20
958a2e3,{'file_name': '958a2e3'},cpp,8,3,11
6fb4ced,{'file_name': '6fb4ced'},md,22,29,51
5b37379,{'file_name': '5b37379'},cpp,2,1,3
43a3553,{'file_name': '43a3553'},cpp,10,4,14
d818587,{'file_name': 'd818587'},cpp,2,0,2
a420028,{'file_name': 'a420028'},cpp,47,44,91
50e4a6b,{'file_name': '50e4a6b'},h,1,0,1
2b25157,{'file_name': '2b25157'},h,13,1,14
4f8f452,{'file_name': '4f8f452'},cpp,5,3,8
1f096f6,{'file_name': '1f096f6'},h,1,3,4
3448d53,{'file_name': '3448d53'},cpp,45,0,45
dcbdb22,{'file_name': 'dcbdb22'},h,1,0,1
89e2146,{'file_name': '89e2146'},cpp,92,0,92
9f1e8ee,{'file_name': '9f1e8ee'},h,24,0,24
4b8ce99,{'file_name': '4b8ce99'},cpp,360,11,371
321856e,{'file_name': '321856e'},h,21,1,22
48bbef0,{'file_name': '48bbef0'},h,8,3,11
5812e5d,{'file_name': '5812e5d'},cpp,33,4,37
ea61309,{'file_name': 'ea61309'},h,9,0,9
0a3722a,{'file_name': '0a3722a'},cpp,86,2,88
242291c,{'file_name': '242291c'},cpp,264,51,315
ff3b07d,{'file_name': 'ff3b07d'},h,10,0,10
8643de3,{'file_name': '8643de3'},cpp,36,11,47
bc392e3,{'file_name': 'bc392e3'},cpp,19,11,30
2062d9a,{'file_name': '2062d9a'},cpp,3,3,6
ea77156,{'file_name': 'ea77156'},qrc,1,0,1
17d956c,{'file_name': '17d956c'},png,0,0,0
b4bcde6,{'file_name': 'b4bcde6'},cpp,3,2,5
a63160f,{'file_name': 'a63160f'},pro,4,0,4
2a0a084,{'file_name': '2a0a084'},cpp,15,4,19
7ead560,{'file_name': '7ead560'},cpp,71,0,71
51082cb,{'file_name': '51082cb'},h,24,0,24
531ee30,{'file_name': '531ee30'},cpp,23,74,97
bf8c114,{'file_name': 'bf8c114'},h,2,6,8
b3bb302,{'file_name': 'b3bb302'},cpp,9,5,14
57c5d06,{'file_name': '57c5d06'},cpp,12,5,17
bd7595b,{'file_name': 'bd7595b'},h,1,0,1
dd84ea7,{'file_name': 'dd84ea7'},md,38,0,38
48d5f81,{'file_name': '48d5f81'},md,10,0,10
bbcbbe7,{'file_name': 'bbcbbe7'},md,20,0,20
4d8b1b2,{'file_name': '4d8b1b2'},h,26,11,37
573a6c4,{'file_name': '573a6c4'},cpp,2,2,4
2d361c5,{'file_name': '2d361c5'},h,7,0,7
f0be843,{'file_name': 'f0be843'},cpp,93,56,149
8be309f,{'file_name': '8be309f'},h,5,2,7
2fd84d9,{'file_name': '2fd84d9'},cpp,2,1,3
2ff1907,{'file_name': '2ff1907'},cpp,36,7,43
18be948,{'file_name': '18be948'},h,3,0,3
8c77f3a,{'file_name': '8c77f3a'},h,1,0,1
b5b972f,{'file_name': 'b5b972f'},cpp,4,0,4
9cc7d62,{'file_name': '9cc7d62'},h,1,0,1
30f6df4,{'file_name': '30f6df4'},cpp,6,1,7
24167d3,{'file_name': '24167d3'},cpp,8,0,8
75dd707,{'file_name': '75dd707'},h,1,0,1
18b89d3,{'file_name': '18b89d3'},h,3,2,5
6d963a6,{'file_name': '6d963a6'},cpp,7,5,12
5f38f29,{'file_name': '5f38f29'},cpp,106,56,162
8bf706d,{'file_name': '8bf706d'},cpp,23,17,40
f5f0da6,{'file_name': 'f5f0da6'},cpp,2,2,4
330bb95,{'file_name': '330bb95'},json,1,0,1
8a4afa0,{'file_name': '8a4afa0'},xml,3,0,3
027dbf9,{'file_name': '027dbf9'},cpp,1,1,2
81cc690,{'file_name': '81cc690'},cpp,5,0,5
2de160c,{'file_name': '2de160c'},cpp,2,1,3
55d824f,{'file_name': '55d824f'},h,2,0,2
d184fbf,{'file_name': 'd184fbf'},cpp,11,0,11
5756d9c,{'file_name': '5756d9c'},cpp,32,5,37
6745802,{'file_name': '6745802'},h,1,0,1
5fa3960,{'file_name': '5fa3960'},cpp,19,6,25
8770a50,{'file_name': '8770a50'},h,2,0,2
e230128,{'file_name': 'e230128'},cpp,0,137,137
51dfc83,{'file_name': '51dfc83'},h,0,21,21
251b416,{'file_name': '251b416'},cpp,0,130,130
d9ce551,{'file_name': 'd9ce551'},h,0,35,35
bc208cf,{'file_name': 'bc208cf'},cpp,21,11,32
e4ea4a8,{'file_name': 'e4ea4a8'},cpp,0,282,282
41c7e1f,{'file_name': '41c7e1f'},h,0,41,41
8ff0bf8,{'file_name': '8ff0bf8'},cpp,4,2,6
1710dbe,{'file_name': '1710dbe'},h,2,2,4
cc3f452,{'file_name': 'cc3f452'},qrc,3,0,3
36c606f,{'file_name': '36c606f'},pro,8,6,14
4415fa4,{'file_name': '4415fa4'},cpp,0,1,1
88c9504,{'file_name': '88c9504'},cpp,137,0,137
5663a4a,{'file_name': '5663a4a'},h,21,0,21
251b416,{'file_name': '251b416'},cpp,130,0,130
d9ce551,{'file_name': 'd9ce551'},h,35,0,35
d398b6a,{'file_name': 'd398b6a'},cpp,217,0,217
6bebe48,{'file_name': '6bebe48'},h,25,0,25
ed53912,{'file_name': 'ed53912'},cpp,282,0,282
4ce429d,{'file_name': '4ce429d'},h,41,0,41
90b9e9b,{'file_name': '90b9e9b'},png,0,0,0
e29666e,{'file_name': 'e29666e'},png,0,0,0
54eaf95,{'file_name': '54eaf95'},png,0,0,0
d6cd86b,{'file_name': 'd6cd86b'},h,1,0,1
872cd47,{'file_name': '872cd47'},h,5,2,7
a2c7d11,{'file_name': 'a2c7d11'},h,2,2,4
9850796,{'file_name': '9850796'},cpp,3,20,23
b8b500a,{'file_name': 'b8b500a'},h,2,4,6
626cec5,{'file_name': '626cec5'},cpp,137,16,153
e8f1bda,{'file_name': 'e8f1bda'},h,20,6,26
aae51c6,{'file_name': 'aae51c6'},h,12,0,12
89b87b4,{'file_name': '89b87b4'},cpp,0,1,1
3b2131c,{'file_name': '3b2131c'},cpp,148,43,191
e4ea4a8,{'file_name': 'e4ea4a8'},cpp,17,1,18
41c7e1f,{'file_name': '41c7e1f'},h,4,0,4
9e4c749,{'file_name': '9e4c749'},cpp,26,5,31
3e96165,{'file_name': '3e96165'},qrc,2,0,2
d2cac8c,{'file_name': 'd2cac8c'},png,0,0,0
4933dab,{'file_name': '4933dab'},png,0,0,0
bd70e5f,{'file_name': 'bd70e5f'},cpp,1,1,2
c365d30,{'file_name': 'c365d30'},cpp,0,2,2
c0adce3,{'file_name': 'c0adce3'},md,6,2,8
03c5b84,{'file_name': '03c5b84'},h,16,0,16
2fa05bd,{'file_name': '2fa05bd'},h,8,3,11
523d32b,{'file_name': '523d32b'},cpp,14,43,57
96c223a,{'file_name': '96c223a'},h,6,14,20
4db5d43,{'file_name': '4db5d43'},cpp,18,55,73
9bcf09a,{'file_name': '9bcf09a'},h,2,2,4
d2803e4,{'file_name': 'd2803e4'},cpp,11,10,21
db07736,{'file_name': 'db07736'},h,8,8,16
1521fe1,{'file_name': '1521fe1'},cpp,22,0,22
920bc72,{'file_name': '920bc72'},h,19,0,19
d47c233,{'file_name': 'd47c233'},h,5,3,8
ae9c559,{'file_name': 'ae9c559'},cpp,16,1,17
0856782,{'file_name': '0856782'},h,10,3,13
e230128,{'file_name': 'e230128'},cpp,4,4,8
e4969cf,{'file_name': 'e4969cf'},cpp,5,1,6
c32653d,{'file_name': 'c32653d'},cpp,31,21,52
7661ed1,{'file_name': '7661ed1'},h,27,11,38
764c5e4,{'file_name': '764c5e4'},pro,3,0,3
fd047a5,{'file_name': 'fd047a5'},cpp,14,0,14
540cddc,{'file_name': '540cddc'},h,2,0,2
9c3b1fd,{'file_name': '9c3b1fd'},cpp,8,7,15
f635bbe,{'file_name': 'f635bbe'},h,3,0,3
6130008,{'file_name': '6130008'},cpp,2,1,3
63abfe4,{'file_name': '63abfe4'},h,2,1,3
fb3d0a9,{'file_name': 'fb3d0a9'},cpp,19,22,41
523322c,{'file_name': '523322c'},h,2,0,2
55f3bb3,{'file_name': '55f3bb3'},cpp,2,0,2
e6f7090,{'file_name': 'e6f7090'},cpp,1,1,2
facdd21,{'file_name': 'facdd21'},h,0,0,0
9a70603,{'file_name': '9a70603'},cpp,1,1,2
ef71925,{'file_name': 'ef71925'},h,0,0,0
f06f8ae,{'file_name': 'f06f8ae'},cpp,49,0,49
209a4fc,{'file_name': '209a4fc'},h,26,0,26
a1f68a2,{'file_name': 'a1f68a2'},h,2,2,4
de3f27c,{'file_name': 'de3f27c'},h,13,0,13
e1aa1b6,{'file_name': 'e1aa1b6'},cpp,6,0,6
cb8ee80,{'file_name': 'cb8ee80'},h,11,0,11
e3a3de3,{'file_name': 'e3a3de3'},cpp,49,12,61
e5969de,{'file_name': 'e5969de'},cpp,3,0,3
ca01f01,{'file_name': 'ca01f01'},cpp,5,0,5
42efab2,{'file_name': '42efab2'},pro,9,3,12
086ad3b,{'file_name': '086ad3b'},cpp,0,1,1
7a90996,{'file_name': '7a90996'},cpp,9,0,9
1cadd52,{'file_name': '1cadd52'},h,1,0,1
a98132d,{'file_name': 'a98132d'},cpp,2,2,4
c0adce3,{'file_name': 'c0adce3'},md,1,1,2
16961c0,{'file_name': '16961c0'},md,5,1,6
f288702,{'file_name': 'f288702'},LICENSE,674,0,674
da5563b,{'file_name': 'da5563b'},md,111,0,111
58e982d,{'file_name': '58e982d'},h,2,1,3
a03aeb0,{'file_name': 'a03aeb0'},cpp,5,0,5
2e86315,{'file_name': '2e86315'},cpp,3,3,6
4b5646d,{'file_name': '4b5646d'},h,1,2,3
509e7e7,{'file_name': '509e7e7'},cpp,1,0,1
21c6dce,{'file_name': '21c6dce'},cpp,9,3,12
d9f1cef,{'file_name': 'd9f1cef'},h,2,2,4
ff5dff6,{'file_name': 'ff5dff6'},cpp,48,48,96
46a9cb7,{'file_name': '46a9cb7'},h,3,3,6
8dad0e8,{'file_name': '8dad0e8'},cpp,8,29,37
facdd21,{'file_name': 'facdd21'},h,2,2,4
0dc23fc,{'file_name': '0dc23fc'},cpp,16,15,31
ef71925,{'file_name': 'ef71925'},h,3,3,6
db6df3d,{'file_name': 'db6df3d'},cpp,56,13,69
726f8ed,{'file_name': '726f8ed'},h,0,1,1
33a6854,{'file_name': '33a6854'},json,1,0,1
93a260f,{'file_name': '93a260f'},qrc,2,1,3
417ccee,{'file_name': '417ccee'},png,0,0,0
b6e7006,{'file_name': 'b6e7006'},svg,0,0,0
73fcb94,{'file_name': '73fcb94'},pro,8,6,14
382d47b,{'file_name': '382d47b'},aps,0,0,0
583d2f7,{'file_name': '583d2f7'},ico,0,0,0
ca89459,{'file_name': 'ca89459'},cpp,7,3,10
69fdd7f,{'file_name': '69fdd7f'},cpp,2,1,3
a7414ed,{'file_name': 'a7414ed'},h,1,0,1
5ee80da,{'file_name': '5ee80da'},cpp,8,0,8
e9b5095,{'file_name': 'e9b5095'},h,37,0,37
2d1677e,{'file_name': '2d1677e'},cpp,3,1,4
47d59cb,{'file_name': '47d59cb'},cpp,5,0,5
2fe5248,{'file_name': '2fe5248'},cpp,2,1,3
7ada8e9,{'file_name': '7ada8e9'},cpp,63,33,96
158d8c9,{'file_name': '158d8c9'},h,3,2,5
ef40faf,{'file_name': 'ef40faf'},cpp,2,0,2
a741907,{'file_name': 'a741907'},cpp,2,3,5
30d671c,{'file_name': '30d671c'},h,59,0,59
78bccf4,{'file_name': '78bccf4'},cpp,1,1,2
70f672e,{'file_name': '70f672e'},cpp,108,0,108
46a7682,{'file_name': '46a7682'},h,16,0,16
3096f51,{'file_name': '3096f51'},cpp,0,1,1
135192a,{'file_name': '135192a'},cpp,1,1,2
8d22a85,{'file_name': '8d22a85'},cpp,11,7,18
2661290,{'file_name': '2661290'},h,1,1,2
fa3e479,{'file_name': 'fa3e479'},h,1,0,1
71541b8,{'file_name': '71541b8'},cpp,4,4,8
615a341,{'file_name': '615a341'},cpp,2,1,3
4762e5b,{'file_name': '4762e5b'},cpp,47,10,57
3c62c94,{'file_name': '3c62c94'},h,2,0,2
2ba3a65,{'file_name': '2ba3a65'},cpp,0,1,1
7b5e832,{'file_name': '7b5e832'},cpp,3,2,5
5f026b2,{'file_name': '5f026b2'},h,1,1,2
f5824fd,{'file_name': 'f5824fd'},cpp,22,8,30
903c978,{'file_name': '903c978'},h,1,0,1
7054b6e,{'file_name': '7054b6e'},qrc,1,1,2
fafe262,{'file_name': 'fafe262'},pro,21,1,22
d56687f,{'file_name': 'd56687f'},cpp,3,1,4
9cb0f42,{'file_name': '9cb0f42'},cpp,5,5,10
1e939cc,{'file_name': '1e939cc'},cpp,174,0,174
65f4668,{'file_name': '65f4668'},h,55,0,55
1c17407,{'file_name': '1c17407'},cpp,49,0,49
46e8caa,{'file_name': '46e8caa'},h,30,0,30
332af92,{'file_name': '332af92'},cpp,32,0,32
1c490f4,{'file_name': '1c490f4'},h,29,0,29
c3f45b7,{'file_name': 'c3f45b7'},cpp,358,0,358
3b7e4dc,{'file_name': '3b7e4dc'},h,45,0,45
aefdf16,{'file_name': 'aefdf16'},cpp,6,0,6
0cfea82,{'file_name': '0cfea82'},h,3,1,4
6b52b87,{'file_name': '6b52b87'},cpp,1,0,1
cc16447,{'file_name': 'cc16447'},cpp,6,0,6
916d794,{'file_name': '916d794'},cpp,311,60,371
f9340c3,{'file_name': 'f9340c3'},h,17,0,17
de2773f,{'file_name': 'de2773f'},h,303,0,303
da5563b,{'file_name': 'da5563b'},md,1,1,2
f288702,{'file_name': 'f288702'},LICENSE,674,0,674
f288702,{'file_name': 'f288702'},LICENSE,674,0,674
4d82418,{'file_name': '4d82418'},md,0,111,111
4d82418,{'file_name': '4d82418'},md,111,0,111
4d82418,{'file_name': '4d82418'},md,111,0,111
9cb1d16,{'file_name': '9cb1d16'},h,2,1,3
d07d621,{'file_name': 'd07d621'},cpp,1,1,2
e4bbf08,{'file_name': 'e4bbf08'},h,39,0,39
8426e44,{'file_name': '8426e44'},cpp,2,0,2
482bd6a,{'file_name': '482bd6a'},h,1,0,1
1d0438b,{'file_name': '1d0438b'},cpp,28,11,39
1718cd3,{'file_name': '1718cd3'},h,9,1,10
6a4f7bd,{'file_name': '6a4f7bd'},cpp,10,2,12
a76c8eb,{'file_name': 'a76c8eb'},h,11,1,12
75a53e4,{'file_name': '75a53e4'},cpp,7,1,8
884a816,{'file_name': '884a816'},cpp,72,8,80
ff0d0a4,{'file_name': 'ff0d0a4'},h,6,0,6
2f7bb58,{'file_name': '2f7bb58'},cpp,10,1,11
c970163,{'file_name': 'c970163'},h,1,0,1
15bb5c9,{'file_name': '15bb5c9'},h,1,1,2
ee56257,{'file_name': 'ee56257'},h,1,1,2
56d7d47,{'file_name': '56d7d47'},cpp,136,0,136
51dfc83,{'file_name': '51dfc83'},h,21,0,21
2a6223b,{'file_name': '2a6223b'},cpp,14,12,26
4666909,{'file_name': '4666909'},h,1,1,2
b384796,{'file_name': 'b384796'},cpp,2,1,3
0c4f176,{'file_name': '0c4f176'},h,1,1,2
268ab74,{'file_name': '268ab74'},cpp,16,15,31
9f43264,{'file_name': '9f43264'},cpp,24,6,30
5998f8b,{'file_name': '5998f8b'},h,2,2,4
f7728fb,{'file_name': 'f7728fb'},cpp,86,34,120
726f8ed,{'file_name': '726f8ed'},h,1,0,1
43dcab1,{'file_name': '43dcab1'},cpp,5,2,7
eeae210,{'file_name': 'eeae210'},h,1,1,2
929cb63,{'file_name': '929cb63'},cpp,37,0,37
244c1a5,{'file_name': '244c1a5'},h,21,0,21
98e6214,{'file_name': '98e6214'},cpp,34,58,92
6139fd2,{'file_name': '6139fd2'},h,4,0,4
30f0a2d,{'file_name': '30f0a2d'},cpp,92,1,93
3392bc8,{'file_name': '3392bc8'},h,3,2,5
048ea50,{'file_name': '048ea50'},xml,11,0,11
addff7e,{'file_name': 'addff7e'},json,24,0,24
a3166de,{'file_name': 'a3166de'},xml,22,0,22
ab45049,{'file_name': 'ab45049'},qrc,7,4,11
6ec9256,{'file_name': '6ec9256'},png,0,0,0
c22d0ae,{'file_name': 'c22d0ae'},cpp,3,2,5
a9b4f4a,{'file_name': 'a9b4f4a'},pro,7,0,7
c6f1756,{'file_name': 'c6f1756'},cpp,4,1,5
6b703bd,{'file_name': '6b703bd'},cpp,25,17,42
c36464c,{'file_name': 'c36464c'},h,1,0,1
ea6a364,{'file_name': 'ea6a364'},cpp,0,2,2
590bfe5,{'file_name': '590bfe5'},cpp,5,1,6
cff4743,{'file_name': 'cff4743'},json,0,9,9
cff4743,{'file_name': 'cff4743'},json,9,0,9
344332c,{'file_name': '344332c'},h,1,1,2
b7e0f8f,{'file_name': 'b7e0f8f'},h,17,1,18
1534014,{'file_name': '1534014'},h,62,4,66
7a77f77,{'file_name': '7a77f77'},cpp,82,0,82
2bd5d7f,{'file_name': '2bd5d7f'},h,45,0,45
2eaf04d,{'file_name': '2eaf04d'},cpp,93,0,93
1f636ef,{'file_name': '1f636ef'},h,15,0,15
e5ae7fc,{'file_name': 'e5ae7fc'},h,10,0,10
9a422fe,{'file_name': '9a422fe'},cpp,33,4,37
aaf5df2,{'file_name': 'aaf5df2'},h,8,1,9
219ee87,{'file_name': '219ee87'},cpp,290,3,293
18b074a,{'file_name': '18b074a'},h,28,8,36
da2e9e8,{'file_name': 'da2e9e8'},cpp,94,0,94
d6f3e20,{'file_name': 'd6f3e20'},h,34,0,34
f3cde10,{'file_name': 'f3cde10'},cpp,4,0,4
805a98c,{'file_name': '805a98c'},h,5,2,7
9b8ae3e,{'file_name': '9b8ae3e'},cpp,84,0,84
6dec96b,{'file_name': '6dec96b'},h,30,0,30
ff2a773,{'file_name': 'ff2a773'},cpp,57,16,73
c105e73,{'file_name': 'c105e73'},h,2,0,2
7f82d93,{'file_name': '7f82d93'},cpp,8,3,11
c3c800a,{'file_name': 'c3c800a'},h,5,4,9
ba59158,{'file_name': 'ba59158'},cpp,76,107,183
0cce4a7,{'file_name': '0cce4a7'},h,9,10,19
3eac905,{'file_name': '3eac905'},cpp,91,0,91
00b2f43,{'file_name': '00b2f43'},h,31,0,31
19242dc,{'file_name': '19242dc'},cpp,24,5,29
61b4d9a,{'file_name': '61b4d9a'},h,1,2,3
e5cdc71,{'file_name': 'e5cdc71'},cpp,27,2,29
3c2a6b9,{'file_name': '3c2a6b9'},h,2,0,2
06eac23,{'file_name': '06eac23'},pro,20,2,22
1a8efc0,{'file_name': '1a8efc0'},cpp,8,3,11
833213b,{'file_name': '833213b'},h,2,2,4
1e2d3e2,{'file_name': '1e2d3e2'},cpp,7,1,8
24d9716,{'file_name': '24d9716'},cpp,45,1,46
553dada,{'file_name': '553dada'},h,5,2,7
db6b9e4,{'file_name': 'db6b9e4'},cpp,10,6,16
e2fc7d2,{'file_name': 'e2fc7d2'},cpp,4,3,7
1702601,{'file_name': '1702601'},h,2,1,3
27a0310,{'file_name': '27a0310'},cpp,85,11,96
cf5effc,{'file_name': 'cf5effc'},h,1,0,1
fb662d5,{'file_name': 'fb662d5'},cpp,8,3,11
833213b,{'file_name': '833213b'},h,2,2,4
d8d5851,{'file_name': 'd8d5851'},cpp,77,31,108
be530bc,{'file_name': 'be530bc'},h,2,0,2
fa8d4cf,{'file_name': 'fa8d4cf'},h,1,0,1
c056bd4,{'file_name': 'c056bd4'},cpp,0,13,13
c995580,{'file_name': 'c995580'},h,0,15,15
3ab6bb4,{'file_name': '3ab6bb4'},pro,30,0,30
ec7a50f,{'file_name': 'ec7a50f'},h,12,0,12
e807b5f,{'file_name': 'e807b5f'},cpp,6,1,7
7f0b088,{'file_name': '7f0b088'},h,8,1,9
c53ae55,{'file_name': 'c53ae55'},cpp,30,0,30
7665ad9,{'file_name': '7665ad9'},h,3,0,3
a917d12,{'file_name': 'a917d12'},h,7,1,8
251b416,{'file_name': '251b416'},cpp,130,0,130
d9ce551,{'file_name': 'd9ce551'},h,35,0,35
7324619,{'file_name': '7324619'},cpp,52,23,75
1a2a066,{'file_name': '1a2a066'},h,4,0,4
af05824,{'file_name': 'af05824'},cpp,116,1,117
c627956,{'file_name': 'c627956'},h,5,0,5
f99cf06,{'file_name': 'f99cf06'},cpp,96,35,131
c0fc225,{'file_name': 'c0fc225'},h,12,6,18
64a974a,{'file_name': '64a974a'},cpp,6,1,7
54c2f32,{'file_name': '54c2f32'},h,1,0,1
4b0e07a,{'file_name': '4b0e07a'},cpp,49,2,51
70cae5d,{'file_name': '70cae5d'},h,1,0,1
463ae52,{'file_name': '463ae52'},cpp,0,1,1
e77528f,{'file_name': 'e77528f'},xml,6,0,6
516272b,{'file_name': '516272b'},qrc,3,0,3
2d0a2c1,{'file_name': '2d0a2c1'},png,0,0,0
c738d2a,{'file_name': 'c738d2a'},qss,8,10,18
ad329bb,{'file_name': 'ad329bb'},svg,2,0,2
67d6bbf,{'file_name': '67d6bbf'},png,0,0,0
a9d8f8e,{'file_name': 'a9d8f8e'},cpp,33,0,33
65e21b5,{'file_name': '65e21b5'},h,12,0,12
64dab33,{'file_name': '64dab33'},pro,11,2,13
4ea3655,{'file_name': '4ea3655'},cpp,163,0,163
92d2561,{'file_name': '92d2561'},h,53,0,53
d973c5d,{'file_name': 'd973c5d'},cpp,1,1,2
ab5cc46,{'file_name': 'ab5cc46'},cpp,33,1,34
1971d0a,{'file_name': '1971d0a'},cpp,0,1,1
f8d6951,{'file_name': 'f8d6951'},h,0,1,1
681cd85,{'file_name': '681cd85'},cpp,1,2,3
640a918,{'file_name': '640a918'},h,1,1,2
ee466f7,{'file_name': 'ee466f7'},cpp,22,1,23
a038598,{'file_name': 'a038598'},h,4,0,4
3aa829d,{'file_name': '3aa829d'},cpp,82,4,86
73eadb0,{'file_name': '73eadb0'},h,2,1,3
4ea3655,{'file_name': '4ea3655'},cpp,8,18,26
92d2561,{'file_name': '92d2561'},h,1,1,2
8f6ed6a,{'file_name': '8f6ed6a'},cpp,4,0,4
3b33da5,{'file_name': '3b33da5'},h,1,1,2
fab7372,{'file_name': 'fab7372'},gitignore,73,0,73
3ab6bb4,{'file_name': '3ab6bb4'},pro,30,0,30
ec7a50f,{'file_name': 'ec7a50f'},h,12,0,12
79299d5,{'file_name': '79299d5'},cpp,169,0,169
21cd320,{'file_name': '21cd320'},h,53,0,53
680a6f8,{'file_name': '680a6f8'},h,3,2,5
27620a3,{'file_name': '27620a3'},h,12,0,12
1b0f290,{'file_name': '1b0f290'},cpp,3,1,4
da62fea,{'file_name': 'da62fea'},h,3,1,4
3d58480,{'file_name': '3d58480'},cpp,65,24,89
31de85e,{'file_name': '31de85e'},h,13,1,14
b7d1ef3,{'file_name': 'b7d1ef3'},h,15,0,15
191cd83,{'file_name': '191cd83'},h,19,0,19
cbf76d0,{'file_name': 'cbf76d0'},h,11,1,12
1874664,{'file_name': '1874664'},h,14,0,14
efb898a,{'file_name': 'efb898a'},cpp,62,0,62
c9f6bda,{'file_name': 'c9f6bda'},h,23,0,23
3523d12,{'file_name': '3523d12'},cpp,113,0,113
bb29ca0,{'file_name': 'bb29ca0'},h,22,0,22
d632007,{'file_name': 'd632007'},cpp,228,0,228
aeef848,{'file_name': 'aeef848'},h,25,0,25
6dc6f98,{'file_name': '6dc6f98'},cpp,121,36,157
0b2a093,{'file_name': '0b2a093'},h,15,4,19
8f8e0b2,{'file_name': '8f8e0b2'},cpp,71,15,86
cdfb03c,{'file_name': 'cdfb03c'},h,10,7,17
cbd8938,{'file_name': 'cbd8938'},cpp,115,22,137
909b274,{'file_name': '909b274'},h,12,1,13
1151a27,{'file_name': '1151a27'},cpp,92,15,107
ae0df28,{'file_name': 'ae0df28'},h,26,3,29
6769a95,{'file_name': '6769a95'},cpp,0,55,55
e76ced5,{'file_name': 'e76ced5'},cpp,66,0,66
765210f,{'file_name': '765210f'},h,26,9,35
935ec44,{'file_name': '935ec44'},cpp,42,3,45
0a19953,{'file_name': '0a19953'},h,6,0,6
bbebf5e,{'file_name': 'bbebf5e'},cpp,218,10,228
572dca5,{'file_name': '572dca5'},h,15,1,16
fea6a5e,{'file_name': 'fea6a5e'},cpp,2,1,3
242722c,{'file_name': '242722c'},h,1,1,2
7aa5422,{'file_name': '7aa5422'},svg,0,1,1
d1c20ac,{'file_name': 'd1c20ac'},svg,0,1,1
b25193a,{'file_name': 'b25193a'},qrc,12,0,12
2edd26d,{'file_name': '2edd26d'},svg,2,0,2
11d073b,{'file_name': '11d073b'},svg,2,0,2
cd16c4f,{'file_name': 'cd16c4f'},png,0,0,0
9bf0e17,{'file_name': '9bf0e17'},png,0,0,0
fca7ee9,{'file_name': 'fca7ee9'},png,0,0,0
83ee128,{'file_name': '83ee128'},png,0,0,0
08fbf48,{'file_name': '08fbf48'},png,0,0,0
d2712da,{'file_name': 'd2712da'},png,0,0,0
4d6b7ca,{'file_name': '4d6b7ca'},png,0,0,0
e19a42c,{'file_name': 'e19a42c'},png,0,0,0
62c5b3a,{'file_name': '62c5b3a'},png,0,0,0
eaa4661,{'file_name': 'eaa4661'},cpp,91,0,91
8a4ecfd,{'file_name': '8a4ecfd'},h,32,0,32
f828c5f,{'file_name': 'f828c5f'},pro,13,2,15
9b17fcf,{'file_name': '9b17fcf'},cpp,1,1,2
7d63e29,{'file_name': '7d63e29'},cpp,12,0,12
aad4cdf,{'file_name': 'aad4cdf'},h,3,0,3
fda1b09,{'file_name': 'fda1b09'},h,2,0,2
cbf8310,{'file_name': 'cbf8310'},cpp,9,6,15
aabb55b,{'file_name': 'aabb55b'},cpp,7,0,7
f9c5e5b,{'file_name': 'f9c5e5b'},h,3,2,5
0c58f90,{'file_name': '0c58f90'},cpp,17,2,19
9ffcad1,{'file_name': '9ffcad1'},h,2,2,4
613a097,{'file_name': '613a097'},h,11,0,11
5515d11,{'file_name': '5515d11'},h,1,0,1
770df82,{'file_name': '770df82'},h,3,0,3
8bbfec5,{'file_name': '8bbfec5'},h,4,0,4
2093464,{'file_name': '2093464'},cpp,5,0,5
2745186,{'file_name': '2745186'},h,1,0,1
a181ce5,{'file_name': 'a181ce5'},h,18,0,18
18af7ee,{'file_name': '18af7ee'},cpp,143,0,143
4c0827b,{'file_name': '4c0827b'},h,29,2,31
ddfe0eb,{'file_name': 'ddfe0eb'},cpp,84,0,84
82d529e,{'file_name': '82d529e'},h,42,0,42
82867a3,{'file_name': '82867a3'},cpp,51,0,51
af6419b,{'file_name': 'af6419b'},h,10,1,11
b6b29b0,{'file_name': 'b6b29b0'},cpp,60,0,60
dc910fa,{'file_name': 'dc910fa'},h,27,0,27
6769a95,{'file_name': '6769a95'},cpp,55,0,55
3a1e8a6,{'file_name': '3a1e8a6'},h,121,0,121
95e2dbf,{'file_name': '95e2dbf'},cpp,62,0,62
65440eb,{'file_name': '65440eb'},h,24,0,24
fc6fb35,{'file_name': 'fc6fb35'},cpp,106,2,108
89165d2,{'file_name': '89165d2'},h,14,1,15
93c3775,{'file_name': '93c3775'},ui,22,4,26
b11e00c,{'file_name': 'b11e00c'},xml,5,0,5
7aa5422,{'file_name': '7aa5422'},svg,1,0,1
d1c20ac,{'file_name': 'd1c20ac'},svg,1,0,1
fb80bf3,{'file_name': 'fb80bf3'},qrc,3,0,3
390fdf4,{'file_name': '390fdf4'},png,0,0,0
e5ba75c,{'file_name': 'e5ba75c'},png,0,0,0
aa39670,{'file_name': 'aa39670'},png,0,0,0
b211dbf,{'file_name': 'b211dbf'},pro,9,0,9
9251d60,{'file_name': '9251d60'},cpp,2,0,2
bb11855,{'file_name': 'bb11855'},ui,14,11,25
be9edac,{'file_name': 'be9edac'},cpp,68,62,130
f33a9aa,{'file_name': 'f33a9aa'},h,9,210,219
cd419cd,{'file_name': 'cd419cd'},cpp,43,18,61
e2416ed,{'file_name': 'e2416ed'},h,2,1,3
328fcfa,{'file_name': '328fcfa'},cpp,32,7,39
5c18307,{'file_name': '5c18307'},h,4,0,4
e8ead9d,{'file_name': 'e8ead9d'},cpp,11,2,13
e7e6780,{'file_name': 'e7e6780'},h,15,0,15
46d746e,{'file_name': '46d746e'},h,1,0,1
38d10c7,{'file_name': '38d10c7'},h,20,7,27
c92caf1,{'file_name': 'c92caf1'},h,72,0,72
2e246f6,{'file_name': '2e246f6'},h,75,0,75
dae3c50,{'file_name': 'dae3c50'},cpp,8,0,8
ab32520,{'file_name': 'ab32520'},h,1,0,1
b2495a7,{'file_name': 'b2495a7'},cpp,115,0,115
8810760,{'file_name': '8810760'},h,17,0,17
5236239,{'file_name': '5236239'},h,1,0,1
4dce680,{'file_name': '4dce680'},cpp,44,0,44
6f2569f,{'file_name': '6f2569f'},h,30,0,30
ef87376,{'file_name': 'ef87376'},cpp,52,94,146
102971f,{'file_name': '102971f'},h,35,17,52
bc831b4,{'file_name': 'bc831b4'},cpp,166,20,186
96f08d2,{'file_name': '96f08d2'},h,96,10,106
abcba0f,{'file_name': 'abcba0f'},cpp,6,0,6
0eb183b,{'file_name': '0eb183b'},h,12,0,12
6afcd6a,{'file_name': '6afcd6a'},cpp,6,0,6
56faf13,{'file_name': '56faf13'},h,12,0,12
b30775f,{'file_name': 'b30775f'},cpp,18,0,18
2ef8f06,{'file_name': '2ef8f06'},h,23,0,23
a1e0c6f,{'file_name': 'a1e0c6f'},ui,30,0,30
6203afa,{'file_name': '6203afa'},cpp,0,0,0
3924ea5,{'file_name': '3924ea5'},h,1,1,2
b824eb4,{'file_name': 'b824eb4'},cpp,2,3,5
88f2d6d,{'file_name': '88f2d6d'},h,1,2,3
4ec1903,{'file_name': '4ec1903'},cpp,33,9,42
a677707,{'file_name': 'a677707'},h,3,3,6
cde5849,{'file_name': 'cde5849'},cpp,10,7,17
d62f0ca,{'file_name': 'd62f0ca'},h,1,1,2
cc7ea6c,{'file_name': 'cc7ea6c'},xml,6,0,6
f2802c0,{'file_name': 'f2802c0'},xml,4,0,4
e260c10,{'file_name': 'e260c10'},qrc,10,2,12
50a103a,{'file_name': '50a103a'},png,0,0,0
2fedfce,{'file_name': '2fedfce'},svg,2,0,2
386e34c,{'file_name': '386e34c'},qss,16,0,16
a368539,{'file_name': 'a368539'},svg,2,0,2
42b09eb,{'file_name': '42b09eb'},pro,28,13,41
bb38da4,{'file_name': 'bb38da4'},cpp,5,1,6
e4ebcc4,{'file_name': 'e4ebcc4'},cpp,20,4,24
049c0e7,{'file_name': '049c0e7'},h,2,2,4
5f495a4,{'file_name': '5f495a4'},h,10,0,10
7606c70,{'file_name': '7606c70'},cpp,91,15,106
1dd093f,{'file_name': '1dd093f'},h,43,26,69
23ce98e,{'file_name': '23ce98e'},cpp,38,26,64
539d3d0,{'file_name': '539d3d0'},h,6,3,9
e8276f9,{'file_name': 'e8276f9'},cpp,5,4,9
ee3d6fd,{'file_name': 'ee3d6fd'},h,5,5,10
b9d52cc,{'file_name': 'b9d52cc'},cpp,57,4,61
8237e09,{'file_name': '8237e09'},h,3,2,5
153067e,{'file_name': '153067e'},h,12,0,12
1e506c1,{'file_name': '1e506c1'},h,3,0,3
7c92b26,{'file_name': '7c92b26'},h,43,0,43
2e4d982,{'file_name': '2e4d982'},cpp,12,0,12
48658ba,{'file_name': '48658ba'},h,12,0,12
93c981c,{'file_name': '93c981c'},h,64,0,64
3eca2b0,{'file_name': '3eca2b0'},cpp,47,11,58
c8dc0e2,{'file_name': 'c8dc0e2'},h,33,0,33
1cac918,{'file_name': '1cac918'},cpp,38,0,38
faa65dd,{'file_name': 'faa65dd'},h,35,0,35
0c3e4c8,{'file_name': '0c3e4c8'},cpp,103,0,103
55a23dd,{'file_name': '55a23dd'},h,2,0,2
20817f7,{'file_name': '20817f7'},cpp,90,0,90
d01fa6d,{'file_name': 'd01fa6d'},h,47,0,47
d38bf2a,{'file_name': 'd38bf2a'},ui,31,0,31
8179cf1,{'file_name': '8179cf1'},qrc,11,0,11
2d6458c,{'file_name': '2d6458c'},png,0,0,0
5c874c3,{'file_name': '5c874c3'},qss,21,0,21
b6e7006,{'file_name': 'b6e7006'},svg,1,0,1
c4b641c,{'file_name': 'c4b641c'},cpp,288,0,288
b3645a7,{'file_name': 'b3645a7'},h,251,0,251
82b4dd4,{'file_name': '82b4dd4'},cpp,180,0,180
af19031,{'file_name': 'af19031'},h,40,0,40
bdc5fc2,{'file_name': 'bdc5fc2'},cpp,194,0,194
b070647,{'file_name': 'b070647'},h,51,0,51
6203afa,{'file_name': '6203afa'},cpp,38,0,38
8a4ff2c,{'file_name': '8a4ff2c'},h,25,0,25
485ac62,{'file_name': '485ac62'},cpp,54,0,54
47e5caf,{'file_name': '47e5caf'},h,26,0,26
c03dd63,{'file_name': 'c03dd63'},cpp,142,0,142
515868a,{'file_name': '515868a'},h,41,0,41
a83af58,{'file_name': 'a83af58'},cpp,0,192,192
fb200c6,{'file_name': 'fb200c6'},h,0,42,42
f1aa3aa,{'file_name': 'f1aa3aa'},cpp,0,67,67
a2c8752,{'file_name': 'a2c8752'},pro,30,7,37
416cd8c,{'file_name': '416cd8c'},h,0,27,27
16c398a,{'file_name': '16c398a'},cpp,10,3,13
d99e4b9,{'file_name': 'd99e4b9'},cpp,31,13,44
aac73a2,{'file_name': 'aac73a2'},h,10,3,13
2ac070a,{'file_name': '2ac070a'},ui,1,15,16
b1b4fc6,{'file_name': 'b1b4fc6'},cpp,2,11,13
3b1d1a3,{'file_name': '3b1d1a3'},h,0,1,1
22081a9,{'file_name': '22081a9'},cpp,19,11,30
a11ba2e,{'file_name': 'a11ba2e'},h,2,3,5
8c56557,{'file_name': '8c56557'},h,28,0,28
c056bd4,{'file_name': 'c056bd4'},cpp,13,0,13
c995580,{'file_name': 'c995580'},h,15,0,15
a83af58,{'file_name': 'a83af58'},cpp,136,22,158
fb200c6,{'file_name': 'fb200c6'},h,14,0,14
f1aa3aa,{'file_name': 'f1aa3aa'},cpp,10,2,12
50bb0ca,{'file_name': '50bb0ca'},pro,5,0,5
393eb55,{'file_name': '393eb55'},cpp,120,0,120
416cd8c,{'file_name': '416cd8c'},h,27,0,27
b68dadb,{'file_name': 'b68dadb'},cpp,2,0,2
8d9e03d,{'file_name': '8d9e03d'},cpp,7,1,8
f703da6,{'file_name': 'f703da6'},h,3,1,4
433129b,{'file_name': '433129b'},ui,4,1,5
4da94b8,{'file_name': '4da94b8'},cpp,1,1,2
87b9147,{'file_name': '87b9147'},cpp,61,8,69
151ed6d,{'file_name': '151ed6d'},h,12,7,19
3021ddd,{'file_name': '3021ddd'},ui,6,20,26
0b48d3b,{'file_name': '0b48d3b'},h,4,2,6
f288702,{'file_name': 'f288702'},LICENSE,674,0,674
4d82418,{'file_name': '4d82418'},md,0,111,111
4d82418,{'file_name': '4d82418'},md,111,0,111
4d82418,{'file_name': '4d82418'},md,111,0,111
9cb1d16,{'file_name': '9cb1d16'},h,2,1,3
d07d621,{'file_name': 'd07d621'},cpp,1,1,2
e4bbf08,{'file_name': 'e4bbf08'},h,39,0,39
8426e44,{'file_name': '8426e44'},cpp,2,0,2
482bd6a,{'file_name': '482bd6a'},h,1,0,1
1d0438b,{'file_name': '1d0438b'},cpp,28,11,39
1718cd3,{'file_name': '1718cd3'},h,9,1,10
6a4f7bd,{'file_name': '6a4f7bd'},cpp,10,2,12
a76c8eb,{'file_name': 'a76c8eb'},h,11,1,12
75a53e4,{'file_name': '75a53e4'},cpp,7,1,8
884a816,{'file_name': '884a816'},cpp,72,8,80
ff0d0a4,{'file_name': 'ff0d0a4'},h,6,0,6
2f7bb58,{'file_name': '2f7bb58'},cpp,10,1,11
c970163,{'file_name': 'c970163'},h,1,0,1
15bb5c9,{'file_name': '15bb5c9'},h,1,1,2
ee56257,{'file_name': 'ee56257'},h,1,1,2
56d7d47,{'file_name': '56d7d47'},cpp,136,0,136
51dfc83,{'file_name': '51dfc83'},h,21,0,21
2a6223b,{'file_name': '2a6223b'},cpp,14,12,26
4666909,{'file_name': '4666909'},h,1,1,2
b384796,{'file_name': 'b384796'},cpp,2,1,3
0c4f176,{'file_name': '0c4f176'},h,1,1,2
268ab74,{'file_name': '268ab74'},cpp,16,15,31
9f43264,{'file_name': '9f43264'},cpp,24,6,30
5998f8b,{'file_name': '5998f8b'},h,2,2,4
f7728fb,{'file_name': 'f7728fb'},cpp,86,34,120
726f8ed,{'file_name': '726f8ed'},h,1,0,1
43dcab1,{'file_name': '43dcab1'},cpp,5,2,7
eeae210,{'file_name': 'eeae210'},h,1,1,2
929cb63,{'file_name': '929cb63'},cpp,37,0,37
244c1a5,{'file_name': '244c1a5'},h,21,0,21
98e6214,{'file_name': '98e6214'},cpp,34,58,92
6139fd2,{'file_name': '6139fd2'},h,4,0,4
30f0a2d,{'file_name': '30f0a2d'},cpp,92,1,93
3392bc8,{'file_name': '3392bc8'},h,3,2,5
048ea50,{'file_name': '048ea50'},xml,11,0,11
addff7e,{'file_name': 'addff7e'},json,24,0,24
a3166de,{'file_name': 'a3166de'},xml,22,0,22
ab45049,{'file_name': 'ab45049'},qrc,7,4,11
6ec9256,{'file_name': '6ec9256'},png,0,0,0
c22d0ae,{'file_name': 'c22d0ae'},cpp,3,2,5
a9b4f4a,{'file_name': 'a9b4f4a'},pro,7,0,7
c6f1756,{'file_name': 'c6f1756'},cpp,4,1,5
6b703bd,{'file_name': '6b703bd'},cpp,25,17,42
c36464c,{'file_name': 'c36464c'},h,1,0,1
ea6a364,{'file_name': 'ea6a364'},cpp,0,2,2
590bfe5,{'file_name': '590bfe5'},cpp,5,1,6
cff4743,{'file_name': 'cff4743'},json,0,9,9
cff4743,{'file_name': 'cff4743'},json,9,0,9
344332c,{'file_name': '344332c'},h,1,1,2
b7e0f8f,{'file_name': 'b7e0f8f'},h,17,1,18
1534014,{'file_name': '1534014'},h,62,4,66
7a77f77,{'file_name': '7a77f77'},cpp,82,0,82
2bd5d7f,{'file_name': '2bd5d7f'},h,45,0,45
2eaf04d,{'file_name': '2eaf04d'},cpp,93,0,93
1f636ef,{'file_name': '1f636ef'},h,15,0,15
e5ae7fc,{'file_name': 'e5ae7fc'},h,10,0,10
9a422fe,{'file_name': '9a422fe'},cpp,33,4,37
aaf5df2,{'file_name': 'aaf5df2'},h,8,1,9
219ee87,{'file_name': '219ee87'},cpp,290,3,293
18b074a,{'file_name': '18b074a'},h,28,8,36
da2e9e8,{'file_name': 'da2e9e8'},cpp,94,0,94
d6f3e20,{'file_name': 'd6f3e20'},h,34,0,34
f3cde10,{'file_name': 'f3cde10'},cpp,4,0,4
805a98c,{'file_name': '805a98c'},h,5,2,7
9b8ae3e,{'file_name': '9b8ae3e'},cpp,84,0,84
6dec96b,{'file_name': '6dec96b'},h,30,0,30
ff2a773,{'file_name': 'ff2a773'},cpp,57,16,73
c105e73,{'file_name': 'c105e73'},h,2,0,2
7f82d93,{'file_name': '7f82d93'},cpp,8,3,11
c3c800a,{'file_name': 'c3c800a'},h,5,4,9
ba59158,{'file_name': 'ba59158'},cpp,76,107,183
0cce4a7,{'file_name': '0cce4a7'},h,9,10,19
3eac905,{'file_name': '3eac905'},cpp,91,0,91
00b2f43,{'file_name': '00b2f43'},h,31,0,31
19242dc,{'file_name': '19242dc'},cpp,24,5,29
61b4d9a,{'file_name': '61b4d9a'},h,1,2,3
e5cdc71,{'file_name': 'e5cdc71'},cpp,27,2,29
3c2a6b9,{'file_name': '3c2a6b9'},h,2,0,2
06eac23,{'file_name': '06eac23'},pro,20,2,22
1a8efc0,{'file_name': '1a8efc0'},cpp,8,3,11
833213b,{'file_name': '833213b'},h,2,2,4
1e2d3e2,{'file_name': '1e2d3e2'},cpp,7,1,8
24d9716,{'file_name': '24d9716'},cpp,45,1,46
553dada,{'file_name': '553dada'},h,5,2,7
db6b9e4,{'file_name': 'db6b9e4'},cpp,10,6,16
e2fc7d2,{'file_name': 'e2fc7d2'},cpp,4,3,7
1702601,{'file_name': '1702601'},h,2,1,3
27a0310,{'file_name': '27a0310'},cpp,85,11,96
cf5effc,{'file_name': 'cf5effc'},h,1,0,1
fb662d5,{'file_name': 'fb662d5'},cpp,8,3,11
833213b,{'file_name': '833213b'},h,2,2,4
d8d5851,{'file_name': 'd8d5851'},cpp,77,31,108
be530bc,{'file_name': 'be530bc'},h,2,0,2
fa8d4cf,{'file_name': 'fa8d4cf'},h,1,0,1
c056bd4,{'file_name': 'c056bd4'},cpp,0,13,13
c995580,{'file_name': 'c995580'},h,0,15,15
3ab6bb4,{'file_name': '3ab6bb4'},pro,30,0,30
ec7a50f,{'file_name': 'ec7a50f'},h,12,0,12
e807b5f,{'file_name': 'e807b5f'},cpp,6,1,7
7f0b088,{'file_name': '7f0b088'},h,8,1,9
c53ae55,{'file_name': 'c53ae55'},cpp,30,0,30
7665ad9,{'file_name': '7665ad9'},h,3,0,3
a917d12,{'file_name': 'a917d12'},h,7,1,8
251b416,{'file_name': '251b416'},cpp,130,0,130
d9ce551,{'file_name': 'd9ce551'},h,35,0,35
7324619,{'file_name': '7324619'},cpp,52,23,75
1a2a066,{'file_name': '1a2a066'},h,4,0,4
af05824,{'file_name': 'af05824'},cpp,116,1,117
c627956,{'file_name': 'c627956'},h,5,0,5
f99cf06,{'file_name': 'f99cf06'},cpp,96,35,131
c0fc225,{'file_name': 'c0fc225'},h,12,6,18
64a974a,{'file_name': '64a974a'},cpp,6,1,7
54c2f32,{'file_name': '54c2f32'},h,1,0,1
4b0e07a,{'file_name': '4b0e07a'},cpp,49,2,51
70cae5d,{'file_name': '70cae5d'},h,1,0,1
463ae52,{'file_name': '463ae52'},cpp,0,1,1
e77528f,{'file_name': 'e77528f'},xml,6,0,6
516272b,{'file_name': '516272b'},qrc,3,0,3
2d0a2c1,{'file_name': '2d0a2c1'},png,0,0,0
c738d2a,{'file_name': 'c738d2a'},qss,8,10,18
ad329bb,{'file_name': 'ad329bb'},svg,2,0,2
67d6bbf,{'file_name': '67d6bbf'},png,0,0,0
a9d8f8e,{'file_name': 'a9d8f8e'},cpp,33,0,33
65e21b5,{'file_name': '65e21b5'},h,12,0,12
64dab33,{'file_name': '64dab33'},pro,11,2,13
4ea3655,{'file_name': '4ea3655'},cpp,163,0,163
92d2561,{'file_name': '92d2561'},h,53,0,53
d973c5d,{'file_name': 'd973c5d'},cpp,1,1,2
ab5cc46,{'file_name': 'ab5cc46'},cpp,33,1,34
1971d0a,{'file_name': '1971d0a'},cpp,0,1,1
f8d6951,{'file_name': 'f8d6951'},h,0,1,1
681cd85,{'file_name': '681cd85'},cpp,1,2,3
640a918,{'file_name': '640a918'},h,1,1,2
ee466f7,{'file_name': 'ee466f7'},cpp,22,1,23
a038598,{'file_name': 'a038598'},h,4,0,4
3aa829d,{'file_name': '3aa829d'},cpp,82,4,86
73eadb0,{'file_name': '73eadb0'},h,2,1,3
4ea3655,{'file_name': '4ea3655'},cpp,8,18,26
92d2561,{'file_name': '92d2561'},h,1,1,2
8f6ed6a,{'file_name': '8f6ed6a'},cpp,4,0,4
3b33da5,{'file_name': '3b33da5'},h,1,1,2
fab7372,{'file_name': 'fab7372'},gitignore,73,0,73
3ab6bb4,{'file_name': '3ab6bb4'},pro,30,0,30
ec7a50f,{'file_name': 'ec7a50f'},h,12,0,12
79299d5,{'file_name': '79299d5'},cpp,169,0,169
21cd320,{'file_name': '21cd320'},h,53,0,53
680a6f8,{'file_name': '680a6f8'},h,3,2,5
27620a3,{'file_name': '27620a3'},h,12,0,12
1b0f290,{'file_name': '1b0f290'},cpp,3,1,4
da62fea,{'file_name': 'da62fea'},h,3,1,4
3d58480,{'file_name': '3d58480'},cpp,65,24,89
31de85e,{'file_name': '31de85e'},h,13,1,14
b7d1ef3,{'file_name': 'b7d1ef3'},h,15,0,15
191cd83,{'file_name': '191cd83'},h,19,0,19
cbf76d0,{'file_name': 'cbf76d0'},h,11,1,12
1874664,{'file_name': '1874664'},h,14,0,14
efb898a,{'file_name': 'efb898a'},cpp,62,0,62
c9f6bda,{'file_name': 'c9f6bda'},h,23,0,23
3523d12,{'file_name': '3523d12'},cpp,113,0,113
bb29ca0,{'file_name': 'bb29ca0'},h,22,0,22
d632007,{'file_name': 'd632007'},cpp,228,0,228
aeef848,{'file_name': 'aeef848'},h,25,0,25
6dc6f98,{'file_name': '6dc6f98'},cpp,121,36,157
0b2a093,{'file_name': '0b2a093'},h,15,4,19
8f8e0b2,{'file_name': '8f8e0b2'},cpp,71,15,86
cdfb03c,{'file_name': 'cdfb03c'},h,10,7,17
cbd8938,{'file_name': 'cbd8938'},cpp,115,22,137
909b274,{'file_name': '909b274'},h,12,1,13
1151a27,{'file_name': '1151a27'},cpp,92,15,107
ae0df28,{'file_name': 'ae0df28'},h,26,3,29
6769a95,{'file_name': '6769a95'},cpp,0,55,55
e76ced5,{'file_name': 'e76ced5'},cpp,66,0,66
765210f,{'file_name': '765210f'},h,26,9,35
935ec44,{'file_name': '935ec44'},cpp,42,3,45
0a19953,{'file_name': '0a19953'},h,6,0,6
bbebf5e,{'file_name': 'bbebf5e'},cpp,218,10,228
572dca5,{'file_name': '572dca5'},h,15,1,16
fea6a5e,{'file_name': 'fea6a5e'},cpp,2,1,3
242722c,{'file_name': '242722c'},h,1,1,2
7aa5422,{'file_name': '7aa5422'},svg,0,1,1
d1c20ac,{'file_name': 'd1c20ac'},svg,0,1,1
b25193a,{'file_name': 'b25193a'},qrc,12,0,12
2edd26d,{'file_name': '2edd26d'},svg,2,0,2
11d073b,{'file_name': '11d073b'},svg,2,0,2
cd16c4f,{'file_name': 'cd16c4f'},png,0,0,0
9bf0e17,{'file_name': '9bf0e17'},png,0,0,0
fca7ee9,{'file_name': 'fca7ee9'},png,0,0,0
83ee128,{'file_name': '83ee128'},png,0,0,0
08fbf48,{'file_name': '08fbf48'},png,0,0,0
d2712da,{'file_name': 'd2712da'},png,0,0,0
4d6b7ca,{'file_name': '4d6b7ca'},png,0,0,0
e19a42c,{'file_name': 'e19a42c'},png,0,0,0
62c5b3a,{'file_name': '62c5b3a'},png,0,0,0
eaa4661,{'file_name': 'eaa4661'},cpp,91,0,91
8a4ecfd,{'file_name': '8a4ecfd'},h,32,0,32
f828c5f,{'file_name': 'f828c5f'},pro,13,2,15
9b17fcf,{'file_name': '9b17fcf'},cpp,1,1,2
7d63e29,{'file_name': '7d63e29'},cpp,12,0,12
aad4cdf,{'file_name': 'aad4cdf'},h,3,0,3
fda1b09,{'file_name': 'fda1b09'},h,2,0,2
cbf8310,{'file_name': 'cbf8310'},cpp,9,6,15
aabb55b,{'file_name': 'aabb55b'},cpp,7,0,7
f9c5e5b,{'file_name': 'f9c5e5b'},h,3,2,5
0c58f90,{'file_name': '0c58f90'},cpp,17,2,19
9ffcad1,{'file_name': '9ffcad1'},h,2,2,4
613a097,{'file_name': '613a097'},h,11,0,11
5515d11,{'file_name': '5515d11'},h,1,0,1
770df82,{'file_name': '770df82'},h,3,0,3
8bbfec5,{'file_name': '8bbfec5'},h,4,0,4
2093464,{'file_name': '2093464'},cpp,5,0,5
2745186,{'file_name': '2745186'},h,1,0,1
a181ce5,{'file_name': 'a181ce5'},h,18,0,18
18af7ee,{'file_name': '18af7ee'},cpp,143,0,143
4c0827b,{'file_name': '4c0827b'},h,29,2,31
ddfe0eb,{'file_name': 'ddfe0eb'},cpp,84,0,84
82d529e,{'file_name': '82d529e'},h,42,0,42
82867a3,{'file_name': '82867a3'},cpp,51,0,51
af6419b,{'file_name': 'af6419b'},h,10,1,11
b6b29b0,{'file_name': 'b6b29b0'},cpp,60,0,60
dc910fa,{'file_name': 'dc910fa'},h,27,0,27
6769a95,{'file_name': '6769a95'},cpp,55,0,55
3a1e8a6,{'file_name': '3a1e8a6'},h,121,0,121
95e2dbf,{'file_name': '95e2dbf'},cpp,62,0,62
65440eb,{'file_name': '65440eb'},h,24,0,24
fc6fb35,{'file_name': 'fc6fb35'},cpp,106,2,108
89165d2,{'file_name': '89165d2'},h,14,1,15
93c3775,{'file_name': '93c3775'},ui,22,4,26
b11e00c,{'file_name': 'b11e00c'},xml,5,0,5
7aa5422,{'file_name': '7aa5422'},svg,1,0,1
d1c20ac,{'file_name': 'd1c20ac'},svg,1,0,1
fb80bf3,{'file_name': 'fb80bf3'},qrc,3,0,3
390fdf4,{'file_name': '390fdf4'},png,0,0,0
e5ba75c,{'file_name': 'e5ba75c'},png,0,0,0
aa39670,{'file_name': 'aa39670'},png,0,0,0
b211dbf,{'file_name': 'b211dbf'},pro,9,0,9
9251d60,{'file_name': '9251d60'},cpp,2,0,2
bb11855,{'file_name': 'bb11855'},ui,14,11,25
be9edac,{'file_name': 'be9edac'},cpp,68,62,130
f33a9aa,{'file_name': 'f33a9aa'},h,9,210,219
cd419cd,{'file_name': 'cd419cd'},cpp,43,18,61
e2416ed,{'file_name': 'e2416ed'},h,2,1,3
328fcfa,{'file_name': '328fcfa'},cpp,32,7,39
5c18307,{'file_name': '5c18307'},h,4,0,4
e8ead9d,{'file_name': 'e8ead9d'},cpp,11,2,13
e7e6780,{'file_name': 'e7e6780'},h,15,0,15
46d746e,{'file_name': '46d746e'},h,1,0,1
38d10c7,{'file_name': '38d10c7'},h,20,7,27
c92caf1,{'file_name': 'c92caf1'},h,72,0,72
2e246f6,{'file_name': '2e246f6'},h,75,0,75
dae3c50,{'file_name': 'dae3c50'},cpp,8,0,8
ab32520,{'file_name': 'ab32520'},h,1,0,1
b2495a7,{'file_name': 'b2495a7'},cpp,115,0,115
8810760,{'file_name': '8810760'},h,17,0,17
5236239,{'file_name': '5236239'},h,1,0,1
4dce680,{'file_name': '4dce680'},cpp,44,0,44
6f2569f,{'file_name': '6f2569f'},h,30,0,30
ef87376,{'file_name': 'ef87376'},cpp,52,94,146
102971f,{'file_name': '102971f'},h,35,17,52
bc831b4,{'file_name': 'bc831b4'},cpp,166,20,186
96f08d2,{'file_name': '96f08d2'},h,96,10,106
abcba0f,{'file_name': 'abcba0f'},cpp,6,0,6
0eb183b,{'file_name': '0eb183b'},h,12,0,12
6afcd6a,{'file_name': '6afcd6a'},cpp,6,0,6
56faf13,{'file_name': '56faf13'},h,12,0,12
b30775f,{'file_name': 'b30775f'},cpp,18,0,18
2ef8f06,{'file_name': '2ef8f06'},h,23,0,23
a1e0c6f,{'file_name': 'a1e0c6f'},ui,30,0,30
6203afa,{'file_name': '6203afa'},cpp,0,0,0
3924ea5,{'file_name': '3924ea5'},h,1,1,2
b824eb4,{'file_name': 'b824eb4'},cpp,2,3,5
88f2d6d,{'file_name': '88f2d6d'},h,1,2,3
4ec1903,{'file_name': '4ec1903'},cpp,33,9,42
a677707,{'file_name': 'a677707'},h,3,3,6
cde5849,{'file_name': 'cde5849'},cpp,10,7,17
d62f0ca,{'file_name': 'd62f0ca'},h,1,1,2
cc7ea6c,{'file_name': 'cc7ea6c'},xml,6,0,6
f2802c0,{'file_name': 'f2802c0'},xml,4,0,4
e260c10,{'file_name': 'e260c10'},qrc,10,2,12
50a103a,{'file_name': '50a103a'},png,0,0,0
2fedfce,{'file_name': '2fedfce'},svg,2,0,2
386e34c,{'file_name': '386e34c'},qss,16,0,16
a368539,{'file_name': 'a368539'},svg,2,0,2
42b09eb,{'file_name': '42b09eb'},pro,28,13,41
bb38da4,{'file_name': 'bb38da4'},cpp,5,1,6
e4ebcc4,{'file_name': 'e4ebcc4'},cpp,20,4,24
049c0e7,{'file_name': '049c0e7'},h,2,2,4
5f495a4,{'file_name': '5f495a4'},h,10,0,10
7606c70,{'file_name': '7606c70'},cpp,91,15,106
1dd093f,{'file_name': '1dd093f'},h,43,26,69
23ce98e,{'file_name': '23ce98e'},cpp,38,26,64
539d3d0,{'file_name': '539d3d0'},h,6,3,9
e8276f9,{'file_name': 'e8276f9'},cpp,5,4,9
ee3d6fd,{'file_name': 'ee3d6fd'},h,5,5,10
b9d52cc,{'file_name': 'b9d52cc'},cpp,57,4,61
8237e09,{'file_name': '8237e09'},h,3,2,5
153067e,{'file_name': '153067e'},h,12,0,12
1e506c1,{'file_name': '1e506c1'},h,3,0,3
7c92b26,{'file_name': '7c92b26'},h,43,0,43
2e4d982,{'file_name': '2e4d982'},cpp,12,0,12
48658ba,{'file_name': '48658ba'},h,12,0,12
93c981c,{'file_name': '93c981c'},h,64,0,64
3eca2b0,{'file_name': '3eca2b0'},cpp,47,11,58
c8dc0e2,{'file_name': 'c8dc0e2'},h,33,0,33
1cac918,{'file_name': '1cac918'},cpp,38,0,38
faa65dd,{'file_name': 'faa65dd'},h,35,0,35
0c3e4c8,{'file_name': '0c3e4c8'},cpp,103,0,103
55a23dd,{'file_name': '55a23dd'},h,2,0,2
20817f7,{'file_name': '20817f7'},cpp,90,0,90
d01fa6d,{'file_name': 'd01fa6d'},h,47,0,47
d38bf2a,{'file_name': 'd38bf2a'},ui,31,0,31
8179cf1,{'file_name': '8179cf1'},qrc,11,0,11
2d6458c,{'file_name': '2d6458c'},png,0,0,0
5c874c3,{'file_name': '5c874c3'},qss,21,0,21
b6e7006,{'file_name': 'b6e7006'},svg,1,0,1
c4b641c,{'file_name': 'c4b641c'},cpp,288,0,288
b3645a7,{'file_name': 'b3645a7'},h,251,0,251
82b4dd4,{'file_name': '82b4dd4'},cpp,180,0,180
af19031,{'file_name': 'af19031'},h,40,0,40
bdc5fc2,{'file_name': 'bdc5fc2'},cpp,194,0,194
b070647,{'file_name': 'b070647'},h,51,0,51
6203afa,{'file_name': '6203afa'},cpp,38,0,38
8a4ff2c,{'file_name': '8a4ff2c'},h,25,0,25
485ac62,{'file_name': '485ac62'},cpp,54,0,54
47e5caf,{'file_name': '47e5caf'},h,26,0,26
c03dd63,{'file_name': 'c03dd63'},cpp,142,0,142
515868a,{'file_name': '515868a'},h,41,0,41
a83af58,{'file_name': 'a83af58'},cpp,0,192,192
fb200c6,{'file_name': 'fb200c6'},h,0,42,42
f1aa3aa,{'file_name': 'f1aa3aa'},cpp,0,67,67
a2c8752,{'file_name': 'a2c8752'},pro,30,7,37
416cd8c,{'file_name': '416cd8c'},h,0,27,27
16c398a,{'file_name': '16c398a'},cpp,10,3,13
d99e4b9,{'file_name': 'd99e4b9'},cpp,31,13,44
aac73a2,{'file_name': 'aac73a2'},h,10,3,13
2ac070a,{'file_name': '2ac070a'},ui,1,15,16
b1b4fc6,{'file_name': 'b1b4fc6'},cpp,2,11,13
3b1d1a3,{'file_name': '3b1d1a3'},h,0,1,1
22081a9,{'file_name': '22081a9'},cpp,19,11,30
a11ba2e,{'file_name': 'a11ba2e'},h,2,3,5
8c56557,{'file_name': '8c56557'},h,28,0,28
c056bd4,{'file_name': 'c056bd4'},cpp,13,0,13
c995580,{'file_name': 'c995580'},h,15,0,15
a83af58,{'file_name': 'a83af58'},cpp,136,22,158
fb200c6,{'file_name': 'fb200c6'},h,14,0,14
f1aa3aa,{'file_name': 'f1aa3aa'},cpp,10,2,12
50bb0ca,{'file_name': '50bb0ca'},pro,5,0,5
393eb55,{'file_name': '393eb55'},cpp,120,0,120
416cd8c,{'file_name': '416cd8c'},h,27,0,27
b68dadb,{'file_name': 'b68dadb'},cpp,2,0,2
8d9e03d,{'file_name': '8d9e03d'},cpp,7,1,8
f703da6,{'file_name': 'f703da6'},h,3,1,4
433129b,{'file_name': '433129b'},ui,4,1,5
4da94b8,{'file_name': '4da94b8'},cpp,1,1,2
87b9147,{'file_name': '87b9147'},cpp,61,8,69
151ed6d,{'file_name': '151ed6d'},h,12,7,19
3021ddd,{'file_name': '3021ddd'},ui,6,20,26
0b48d3b,{'file_name': '0b48d3b'},h,4,2,6
3e6c952,{'file_name': '3e6c952'},cpp,78,0,78
935b0ef,{'file_name': '935b0ef'},h,28,0,28
0c0af73,{'file_name': '0c0af73'},cpp,59,0,59
8b9f924,{'file_name': '8b9f924'},h,0,19,19
aca46a4,{'file_name': 'aca46a4'},cpp,0,18,18
c78ad94,{'file_name': 'c78ad94'},pro,12,5,17
f90baf9,{'file_name': 'f90baf9'},cpp,6,2,8
493d8e3,{'file_name': '493d8e3'},ui,2,3,5
cdcad08,{'file_name': 'cdcad08'},cpp,28,0,28
7b8688f,{'file_name': '7b8688f'},h,22,0,22
9bd3c79,{'file_name': '9bd3c79'},cpp,64,0,64
813538f,{'file_name': '813538f'},h,34,0,34
0c86122,{'file_name': '0c86122'},ui,52,0,52
6f010af,{'file_name': '6f010af'},h,24,0,24
8b9f924,{'file_name': '8b9f924'},h,19,0,19
aca46a4,{'file_name': 'aca46a4'},cpp,18,0,18
e9d0e90,{'file_name': 'e9d0e90'},pro,2,0,2
ce6d3c0,{'file_name': 'ce6d3c0'},cpp,1,0,1
f4c30ba,{'file_name': 'f4c30ba'},cpp,9,0,9
6c298c4,{'file_name': '6c298c4'},h,4,0,4
4aa8b89,{'file_name': '4aa8b89'},ui,27,4,31
fab7372,{'file_name': 'fab7372'},gitignore,73,0,73
98774eb,{'file_name': '98774eb'},pro,34,0,34
e23892e,{'file_name': 'e23892e'},ts,3,0,3
fd3e533,{'file_name': 'fd3e533'},cpp,11,0,11
41a26bd,{'file_name': '41a26bd'},cpp,15,0,15
4643e32,{'file_name': '4643e32'},h,21,0,21
b232854,{'file_name': 'b232854'},ui,22,0,22
5f8b228,{'file_name': '5f8b228'},md,1,0,1
fb662d5,{'file_name': 'fb662d5'},cpp,8,3,11
833213b,{'file_name': '833213b'},h,2,2,4
4ea3655,{'file_name': '4ea3655'},cpp,8,18,26
92d2561,{'file_name': '92d2561'},h,1,1,2
8f6ed6a,{'file_name': '8f6ed6a'},cpp,4,0,4
3b33da5,{'file_name': '3b33da5'},h,1,1,2
fab7372,{'file_name': 'fab7372'},gitignore,73,0,73
3ab6bb4,{'file_name': '3ab6bb4'},pro,30,0,30
ec7a50f,{'file_name': 'ec7a50f'},h,12,0,12
79299d5,{'file_name': '79299d5'},cpp,169,0,169
21cd320,{'file_name': '21cd320'},h,53,0,53
e5130c2,{'file_name': 'e5130c2'},py,1,1,2
7670866,{'file_name': '7670866'},py,39,0,39
eef4d90,{'file_name': 'eef4d90'},py,260,0,260
