2ff2ae8,[],bug_report.md,md,0,0,38,0,.github/ISSUE_TEMPLATE/bug_report.md
2ff2ae8,[],custom.md,md,0,0,10,0,.github/ISSUE_TEMPLATE/custom.md
2ff2ae8,[],feature_request.md,md,0,0,20,0,.github/ISSUE_TEMPLATE/feature_request.md
2ff2ae8,[],update.cpp,cpp,1,0,8,3,Manager/update.cpp
2ff2ae8,[],README.md,md,1,0,22,29,README.md
2ff2ae8,[],main.cpp,cpp,1,0,2,1,main.cpp
6ad223d,[],key_manager.cpp,cpp,1,0,10,4,Manager/key_manager.cpp
6ad223d,[],update.cpp,cpp,1,0,2,0,Manager/update.cpp
6ad223d,[],window_manager.cpp,cpp,1,0,47,44,Manager/window_manager.cpp
6ad223d,[],window_manager.h,h,1,0,1,0,Manager/window_manager.h
6ad223d,[],Common.h,h,1,0,13,1,Paint/Data/Common.h
6ad223d,[],paint_layer.cpp,cpp,1,0,5,3,Paint/Widgets/Layers/paint_layer.cpp
6ad223d,[],paint_layer.h,h,1,0,1,3,Paint/Widgets/Layers/paint_layer.h
6ad223d,[],picture_layer.cpp,cpp,1,0,45,0,Paint/Widgets/Layers/picture_layer.cpp
6ad223d,[],picture_layer.h,h,1,0,1,0,Paint/Widgets/Layers/picture_layer.h
6ad223d,[],text_edit.cpp,cpp,0,0,92,0,Paint/Widgets/Layers/text_edit.cpp
6ad223d,[],text_edit.h,h,0,0,24,0,Paint/Widgets/Layers/text_edit.h
6ad223d,[],text_layer.cpp,cpp,1,0,360,11,Paint/Widgets/Layers/text_layer.cpp
6ad223d,[],text_layer.h,h,1,0,21,1,Paint/Widgets/Layers/text_layer.h
6ad223d,[],Paint_area.h,h,1,0,8,3,Paint/Widgets/Paint_area.h
6ad223d,[],flow_edit_panel.cpp,cpp,1,0,33,4,Paint/Widgets/Panels/flow_edit_panel.cpp
6ad223d,[],flow_edit_panel.h,h,1,0,9,0,Paint/Widgets/Panels/flow_edit_panel.h
6ad223d,[],paint_setting_panel.cpp,cpp,1,0,86,2,Paint/Widgets/Panels/paint_setting_panel.cpp
6ad223d,[],history.cpp,cpp,1,0,264,51,Paint/Widgets/history.cpp
6ad223d,[],history.h,h,1,0,10,0,Paint/Widgets/history.h
6ad223d,[],paint_area.cpp,cpp,1,0,36,11,Paint/Widgets/paint_area.cpp
6ad223d,[],paint_window.cpp,cpp,1,0,19,11,Paint/paint_window.cpp
6ad223d,[],setting.cpp,cpp,1,0,3,3,Panel/setting.cpp
6ad223d,[],Resources.qrc,qrc,1,0,1,0,Resource/Resources.qrc
6ad223d,[],brush.png,png,0,0,0,0,Resource/brush.png
6ad223d,[],spacer.cpp,cpp,1,0,3,2,Style_widget/spacer.cpp
6ad223d,[],capture.pro,pro,1,0,4,0,capture.pro
6ad223d,[],main.cpp,cpp,1,0,15,4,main.cpp
6ad223d,[],main_fliter.cpp,cpp,0,0,71,0,main_fliter.cpp
6ad223d,[],main_fliter.h,h,0,0,24,0,main_fliter.h
6ad223d,[],mainwindow.cpp,cpp,1,0,23,74,mainwindow.cpp
6ad223d,[],mainwindow.h,h,1,0,2,6,mainwindow.h
6ad223d,[],capture_button_action.cpp,cpp,1,0,9,5,new_capture/capture_button_action.cpp
6ad223d,[],capture_window.cpp,cpp,1,0,12,5,new_capture/capture_window.cpp
6ad223d,[],capture_window.h,h,1,0,1,0,new_capture/capture_window.h
aed0807,[],bug_report.md,md,0,0,38,0,.github/ISSUE_TEMPLATE/bug_report.md
aed0807,[],custom.md,md,0,0,10,0,.github/ISSUE_TEMPLATE/custom.md
aed0807,[],feature_request.md,md,0,0,20,0,.github/ISSUE_TEMPLATE/feature_request.md
d89684a,[],Reply_timeout.h,h,1,0,26,11,Manager/Data/Reply_timeout.h
d89684a,[],update_data.cpp,cpp,1,0,2,2,Manager/Data/update_data.cpp
d89684a,[],update_data.h,h,1,0,7,0,Manager/Data/update_data.h
d89684a,[],update_dialog.cpp,cpp,1,0,93,56,Manager/Data/update_dialog.cpp
d89684a,[],update_dialog.h,h,1,0,5,2,Manager/Data/update_dialog.h
d89684a,[],key_manager.cpp,cpp,1,0,2,1,Manager/key_manager.cpp
d89684a,[],update.cpp,cpp,1,0,36,7,Manager/update.cpp
d89684a,[],update.h,h,1,0,3,0,Manager/update.h
d89684a,[],Common.h,h,1,0,1,0,Paint/Data/Common.h
d89684a,[],stretch_button.cpp,cpp,1,0,4,0,Paint/Data/stretch_button.cpp
d89684a,[],stretch_button.h,h,1,0,1,0,Paint/Data/stretch_button.h
d89684a,[],paint_layer.cpp,cpp,1,0,6,1,Paint/Widgets/Layers/paint_layer.cpp
d89684a,[],text_layer.cpp,cpp,1,0,8,0,Paint/Widgets/Layers/text_layer.cpp
d89684a,[],text_layer.h,h,1,0,1,0,Paint/Widgets/Layers/text_layer.h
d89684a,[],Paint_area.h,h,1,0,3,2,Paint/Widgets/Paint_area.h
d89684a,[],history.cpp,cpp,1,0,7,5,Paint/Widgets/history.cpp
d89684a,[],paint_area.cpp,cpp,1,0,106,56,Paint/Widgets/paint_area.cpp
d89684a,[],paint_window.cpp,cpp,1,0,23,17,Paint/paint_window.cpp
d89684a,[],setting.cpp,cpp,1,0,2,2,Panel/setting.cpp
d89684a,[],chinese.json,json,1,0,1,0,Resource/Languages/Paint_window/chinese.json
d89684a,[],chinese.xml,xml,1,0,3,0,Resource/Languages/Setting/chinese.xml
d89684a,[],main.cpp,cpp,1,0,1,1,main.cpp
d89684a,[],mainwindow.cpp,cpp,1,0,5,0,mainwindow.cpp
d89684a,[],capture_window.cpp,cpp,1,0,2,1,new_capture/capture_window.cpp
068f9bf,[],Ilayer.h,h,1,0,2,0,Paint/Data/Ilayer.h
068f9bf,[],picture_layer.cpp,cpp,1,0,11,0,Paint/Widgets/Layers/picture_layer.cpp
068f9bf,[],text_layer.cpp,cpp,1,0,32,5,Paint/Widgets/Layers/text_layer.cpp
068f9bf,[],text_layer.h,h,1,0,1,0,Paint/Widgets/Layers/text_layer.h
068f9bf,[],flow_edit_panel.cpp,cpp,1,0,19,6,Paint/Widgets/Panels/flow_edit_panel.cpp
068f9bf,[],flow_edit_panel.h,h,1,0,2,0,Paint/Widgets/Panels/flow_edit_panel.h
068f9bf,[],close_dialog.cpp,cpp,2,0,0,137,Paint/Widgets/close_dialog.cpp
068f9bf,[],close_dialog.h,h,2,0,0,21,Paint/Widgets/close_dialog.h
068f9bf,[],color_selector.cpp,cpp,2,0,0,130,Paint/Widgets/color_selector.cpp
068f9bf,[],color_selector.h,h,2,0,0,35,Paint/Widgets/color_selector.h
068f9bf,[],paint_area.cpp,cpp,1,0,21,11,Paint/Widgets/paint_area.cpp
068f9bf,[],paint_setting_panel.cpp,cpp,2,0,0,282,Paint/Widgets/paint_setting_panel.cpp
068f9bf,[],paint_setting_panel.h,h,2,0,0,41,Paint/Widgets/paint_setting_panel.h
068f9bf,[],paint_window.cpp,cpp,1,0,4,2,Paint/paint_window.cpp
068f9bf,[],paint_window.h,h,1,0,2,2,Paint/paint_window.h
068f9bf,[],Resources.qrc,qrc,1,0,3,0,Resource/Resources.qrc
068f9bf,[],capture.pro,pro,1,0,8,6,capture.pro
068f9bf,[],mainwindow.cpp,cpp,1,0,0,1,mainwindow.cpp
2ec2edc,[],close_dialog.cpp,cpp,0,0,137,0,Paint/Widgets/Panels/close_dialog.cpp
2ec2edc,[],close_dialog.h,h,0,0,21,0,Paint/Widgets/Panels/close_dialog.h
2ec2edc,[],color_selector.cpp,cpp,0,0,130,0,Paint/Widgets/Panels/color_selector.cpp
2ec2edc,[],color_selector.h,h,0,0,35,0,Paint/Widgets/Panels/color_selector.h
2ec2edc,[],flow_edit_panel.cpp,cpp,0,0,217,0,Paint/Widgets/Panels/flow_edit_panel.cpp
2ec2edc,[],flow_edit_panel.h,h,0,0,25,0,Paint/Widgets/Panels/flow_edit_panel.h
2ec2edc,[],paint_setting_panel.cpp,cpp,0,0,282,0,Paint/Widgets/Panels/paint_setting_panel.cpp
2ec2edc,[],paint_setting_panel.h,h,0,0,41,0,Paint/Widgets/Panels/paint_setting_panel.h
2ec2edc,[],bold.png,png,0,0,0,0,Resource/bold.png
2ec2edc,[],italic.png,png,0,0,0,0,Resource/italic.png
2ec2edc,[],underline.png,png,0,0,0,0,Resource/underline.png
c8e2496,[],Common.h,h,1,0,1,0,Paint/Data/Common.h
c8e2496,[],Ilayer.h,h,1,0,5,2,Paint/Data/Ilayer.h
c8e2496,[],paint_layer.h,h,1,0,2,2,Paint/Widgets/Layers/paint_layer.h
c8e2496,[],picture_layer.cpp,cpp,1,0,3,20,Paint/Widgets/Layers/picture_layer.cpp
c8e2496,[],picture_layer.h,h,1,0,2,4,Paint/Widgets/Layers/picture_layer.h
c8e2496,[],text_layer.cpp,cpp,1,0,137,16,Paint/Widgets/Layers/text_layer.cpp
c8e2496,[],text_layer.h,h,1,0,20,6,Paint/Widgets/Layers/text_layer.h
c8e2496,[],Paint_area.h,h,1,0,12,0,Paint/Widgets/Paint_area.h
c8e2496,[],paint_record.cpp,cpp,1,0,0,1,Paint/Widgets/Recorder_element/paint_record.cpp
c8e2496,[],paint_area.cpp,cpp,1,0,148,43,Paint/Widgets/paint_area.cpp
c8e2496,[],paint_setting_panel.cpp,cpp,1,0,17,1,Paint/Widgets/paint_setting_panel.cpp
c8e2496,[],paint_setting_panel.h,h,1,0,4,0,Paint/Widgets/paint_setting_panel.h
c8e2496,[],paint_window.cpp,cpp,1,0,26,5,Paint/paint_window.cpp
c8e2496,[],Resources.qrc,qrc,1,0,2,0,Resource/Resources.qrc
c8e2496,[],cursor.png,png,0,0,0,0,Resource/cursor.png
c8e2496,[],text.png,png,0,0,0,0,Resource/text.png
c8e2496,[],spacer.cpp,cpp,1,0,1,1,Style_widget/spacer.cpp
c8e2496,[],mainwindow.cpp,cpp,1,0,0,2,mainwindow.cpp
2eabff6,[],README.md,md,1,0,6,2,README.md
e7dbe07,[],Common.h,h,0,0,16,0,Paint/Data/Common.h
e7dbe07,[],Ilayer.h,h,1,0,8,3,Paint/Data/Ilayer.h
e7dbe07,[],paint_layer.cpp,cpp,1,0,14,43,Paint/Widgets/Layers/paint_layer.cpp
e7dbe07,[],paint_layer.h,h,1,0,6,14,Paint/Widgets/Layers/paint_layer.h
e7dbe07,[],picture_layer.cpp,cpp,1,0,18,55,Paint/Widgets/Layers/picture_layer.cpp
e7dbe07,[],picture_layer.h,h,1,0,2,2,Paint/Widgets/Layers/picture_layer.h
e7dbe07,[],text_layer.cpp,cpp,1,0,11,10,Paint/Widgets/Layers/text_layer.cpp
e7dbe07,[],text_layer.h,h,1,0,8,8,Paint/Widgets/Layers/text_layer.h
e7dbe07,[],paint_record.cpp,cpp,0,0,22,0,Paint/Widgets/Recorder_element/paint_record.cpp
e7dbe07,[],paint_record.h,h,0,0,19,0,Paint/Widgets/Recorder_element/paint_record.h
e7dbe07,[],record_base.h,h,1,0,5,3,Paint/Widgets/Recorder_element/record_base.h
e7dbe07,[],resize_record.cpp,cpp,1,0,16,1,Paint/Widgets/Recorder_element/resize_record.cpp
e7dbe07,[],resize_record.h,h,1,0,10,3,Paint/Widgets/Recorder_element/resize_record.h
e7dbe07,[],close_dialog.cpp,cpp,1,0,4,4,Paint/Widgets/close_dialog.cpp
e7dbe07,[],paint_area.cpp,cpp,1,0,5,1,Paint/Widgets/paint_area.cpp
e7dbe07,[],recorder.cpp,cpp,1,0,31,21,Paint/Widgets/recorder.cpp
e7dbe07,[],recorder.h,h,1,0,27,11,Paint/Widgets/recorder.h
e7dbe07,[],capture.pro,pro,1,0,3,0,capture.pro
7e31d20,[],image_helper.cpp,cpp,1,0,14,0,Helper/image_helper.cpp
7e31d20,[],image_helper.h,h,1,0,2,0,Helper/image_helper.h
7e31d20,[],update_dialog.cpp,cpp,1,0,8,7,Manager/Data/update_dialog.cpp
7e31d20,[],update_dialog.h,h,1,0,3,0,Manager/Data/update_dialog.h
7e31d20,[],config.cpp,cpp,1,0,2,1,Manager/config.cpp
7e31d20,[],config.h,h,1,0,2,1,Manager/config.h
7e31d20,[],update.cpp,cpp,1,0,19,22,Manager/update.cpp
7e31d20,[],update.h,h,1,0,2,0,Manager/update.h
7e31d20,[],window_manager.cpp,cpp,1,0,2,0,Manager/window_manager.cpp
7e31d20,[],paint_layer.cpp,cpp,3,0,1,1,Paint/Widgets/Layers/paint_layer.cpp
7e31d20,[],paint_layer.h,h,3,0,0,0,Paint/Widgets/Layers/paint_layer.h
7e31d20,[],picture_layer.cpp,cpp,3,0,1,1,Paint/Widgets/Layers/picture_layer.cpp
7e31d20,[],picture_layer.h,h,3,0,0,0,Paint/Widgets/Layers/picture_layer.h
7e31d20,[],text_layer.cpp,cpp,0,0,49,0,Paint/Widgets/Layers/text_layer.cpp
7e31d20,[],text_layer.h,h,0,0,26,0,Paint/Widgets/Layers/text_layer.h
7e31d20,[],Paint_area.h,h,3,0,2,2,Paint/Widgets/Paint_area.h
7e31d20,[],record_base.h,h,0,0,13,0,Paint/Widgets/Recorder_element/record_base.h
7e31d20,[],resize_record.cpp,cpp,0,0,6,0,Paint/Widgets/Recorder_element/resize_record.cpp
7e31d20,[],resize_record.h,h,0,0,11,0,Paint/Widgets/Recorder_element/resize_record.h
7e31d20,[],paint_area.cpp,cpp,1,0,49,12,Paint/Widgets/paint_area.cpp
7e31d20,[],num_tab.cpp,cpp,1,0,3,0,Panel/Widgets/num_tab.cpp
7e31d20,[],setting.cpp,cpp,1,0,5,0,Panel/setting.cpp
7e31d20,[],capture.pro,pro,1,0,9,3,capture.pro
7e31d20,[],main.cpp,cpp,1,0,0,1,main.cpp
7e31d20,[],mainwindow.cpp,cpp,1,0,9,0,mainwindow.cpp
7e31d20,[],mainwindow.h,h,1,0,1,0,mainwindow.h
7e31d20,[],capture_window.cpp,cpp,1,0,2,2,new_capture/capture_window.cpp
bcb01ed,[],README.md,md,1,0,1,1,README.md
a1ef563,[],README.md,md,1,0,5,1,README.md
0d3516c,[],LICENSE,LICENSE,0,0,674,0,LICENSE
0d3516c,[],README.md,md,0,0,111,0,README.md
baf8cb5,[],Window_base.h,h,1,0,2,1,Base/Window_base.h
baf8cb5,[],update_dialog.cpp,cpp,1,0,5,0,Manager/Data/update_dialog.cpp
baf8cb5,[],config.cpp,cpp,1,0,3,3,Manager/config.cpp
baf8cb5,[],config.h,h,1,0,1,2,Manager/config.h
baf8cb5,[],key_manager.cpp,cpp,1,0,1,0,Manager/key_manager.cpp
baf8cb5,[],update.cpp,cpp,1,0,9,3,Manager/update.cpp
baf8cb5,[],Ilayer.h,h,1,0,2,2,Paint/Data/Ilayer.h
baf8cb5,[],paint_area.cpp,cpp,1,0,48,48,Paint/Widgets/paint_area.cpp
baf8cb5,[],paint_area.h,h,1,0,3,3,Paint/Widgets/paint_area.h
baf8cb5,[],paint_layer.cpp,cpp,1,0,8,29,Paint/Widgets/paint_layer.cpp
baf8cb5,[],paint_layer.h,h,1,0,2,2,Paint/Widgets/paint_layer.h
baf8cb5,[],picture_layer.cpp,cpp,1,0,16,15,Paint/Widgets/picture_layer.cpp
baf8cb5,[],picture_layer.h,h,1,0,3,3,Paint/Widgets/picture_layer.h
baf8cb5,[],paint_window.cpp,cpp,1,0,56,13,Paint/paint_window.cpp
baf8cb5,[],paint_window.h,h,1,0,0,1,Paint/paint_window.h
baf8cb5,[],chinese.json,json,1,0,1,0,Resource/Languages/Paint_window/chinese.json
baf8cb5,[],Resources.qrc,qrc,1,0,2,1,Resource/Resources.qrc
baf8cb5,[],clipboard.png,png,0,0,0,0,Resource/clipboard.png
baf8cb5,[],setting.svg,svg,3,0,0,0,Resource/setting.svg
baf8cb5,[],capture.pro,pro,1,0,8,6,capture.pro
baf8cb5,[],logo.aps,aps,0,0,0,0,logo.aps
baf8cb5,[],logo.ico,ico,0,0,0,0,logo.ico
baf8cb5,[],main.cpp,cpp,1,0,7,3,main.cpp
baf8cb5,[],mainwindow.cpp,cpp,1,0,2,1,mainwindow.cpp
baf8cb5,[],Ipoint_position_change.h,h,1,0,1,0,new_capture/Widgets/Ipoint_position_change.h
baf8cb5,[],Scroll_handle_global.cpp,cpp,0,0,8,0,new_capture/Widgets/Scroll_handler/Scroll_handle_global.cpp
baf8cb5,[],Scroll_handler_global.h,h,0,0,37,0,new_capture/Widgets/Scroll_handler/Scroll_handler_global.h
baf8cb5,[],dispatcher_worker.cpp,cpp,1,0,3,1,new_capture/Widgets/Scroll_handler/dispatcher_worker.cpp
baf8cb5,[],scroll_dispatcher.cpp,cpp,1,0,5,0,new_capture/Widgets/Scroll_handler/scroll_dispatcher.cpp
baf8cb5,[],scroll_handle.cpp,cpp,1,0,2,1,new_capture/Widgets/Scroll_handler/scroll_handle.cpp
baf8cb5,[],scroll_worker.cpp,cpp,1,0,63,33,new_capture/Widgets/Scroll_handler/scroll_worker.cpp
baf8cb5,[],scroll_worker.h,h,1,0,3,2,new_capture/Widgets/Scroll_handler/scroll_worker.h
baf8cb5,[],stretch_point.cpp,cpp,1,0,2,0,new_capture/Widgets/stretch_point.cpp
baf8cb5,[],capture_window.cpp,cpp,1,0,2,3,new_capture/capture_window.cpp
0bd166c,[],mpool.h,h,0,0,59,0,Helper/Pool/mpool.h
0bd166c,[],debug.cpp,cpp,1,0,1,1,Helper/debug.cpp
0bd166c,[],image_helper.cpp,cpp,0,0,108,0,Helper/image_helper.cpp
0bd166c,[],image_helper.h,h,0,0,16,0,Helper/image_helper.h
0bd166c,[],update_dialog.cpp,cpp,1,0,0,1,Manager/Data/update_dialog.cpp
0bd166c,[],config.cpp,cpp,1,0,1,1,Manager/config.cpp
0bd166c,[],window_manager.cpp,cpp,1,0,11,7,Manager/window_manager.cpp
0bd166c,[],window_manager.h,h,1,0,1,1,Manager/window_manager.h
0bd166c,[],Ilayer.h,h,1,0,1,0,Paint/Data/Ilayer.h
0bd166c,[],stretch_button.cpp,cpp,1,0,4,4,Paint/Data/stretch_button.cpp
0bd166c,[],close_dialog.cpp,cpp,1,0,2,1,Paint/Widgets/close_dialog.cpp
0bd166c,[],paint_area.cpp,cpp,1,0,47,10,Paint/Widgets/paint_area.cpp
0bd166c,[],paint_area.h,h,1,0,2,0,Paint/Widgets/paint_area.h
0bd166c,[],paint_layer.cpp,cpp,1,0,0,1,Paint/Widgets/paint_layer.cpp
0bd166c,[],picture_layer.cpp,cpp,1,0,3,2,Paint/Widgets/picture_layer.cpp
0bd166c,[],picture_layer.h,h,1,0,1,1,Paint/Widgets/picture_layer.h
0bd166c,[],paint_window.cpp,cpp,1,0,22,8,Paint/paint_window.cpp
0bd166c,[],paint_window.h,h,1,0,1,0,Paint/paint_window.h
0bd166c,[],Resources.qrc,qrc,1,0,1,1,Resource/Resources.qrc
0bd166c,[],capture.pro,pro,1,0,21,1,capture.pro
0bd166c,[],main.cpp,cpp,1,0,3,1,main.cpp
0bd166c,[],mainwindow.cpp,cpp,1,0,5,5,mainwindow.cpp
0bd166c,[],dispatcher_worker.cpp,cpp,0,0,174,0,new_capture/Widgets/Scroll_handler/dispatcher_worker.cpp
0bd166c,[],dispatcher_worker.h,h,0,0,55,0,new_capture/Widgets/Scroll_handler/dispatcher_worker.h
0bd166c,[],scroll_dispatcher.cpp,cpp,0,0,49,0,new_capture/Widgets/Scroll_handler/scroll_dispatcher.cpp
0bd166c,[],scroll_dispatcher.h,h,0,0,30,0,new_capture/Widgets/Scroll_handler/scroll_dispatcher.h
0bd166c,[],scroll_handle.cpp,cpp,0,0,32,0,new_capture/Widgets/Scroll_handler/scroll_handle.cpp
0bd166c,[],scroll_handle.h,h,0,0,29,0,new_capture/Widgets/Scroll_handler/scroll_handle.h
0bd166c,[],scroll_worker.cpp,cpp,0,0,358,0,new_capture/Widgets/Scroll_handler/scroll_worker.cpp
0bd166c,[],scroll_worker.h,h,0,0,45,0,new_capture/Widgets/Scroll_handler/scroll_worker.h
0bd166c,[],capture_area.cpp,cpp,1,0,6,0,new_capture/Widgets/capture_area.cpp
0bd166c,[],capture_area.h,h,1,0,3,1,new_capture/Widgets/capture_area.h
0bd166c,[],stretch_point.cpp,cpp,1,0,1,0,new_capture/Widgets/stretch_point.cpp
0bd166c,[],Window_fliter.cpp,cpp,0,0,6,0,new_capture/Window_fliter.cpp
0bd166c,[],capture_window.cpp,cpp,1,0,311,60,new_capture/capture_window.cpp
0bd166c,[],capture_window.h,h,1,0,17,0,new_capture/capture_window.h
0bd166c,[],window_fliter.h,h,0,0,303,0,new_capture/window_fliter.h
2c83565,[],README.md,md,1,0,1,1,README.md
e4916d1,[],LICENSE,LICENSE,0,0,674,0,LICENSE
89e830d,[],LICENSE,LICENSE,0,0,674,0,LICENSE
866c493,[],read.md,md,2,0,0,111,read.md
3a1c983,[],README.md,md,0,0,111,0,README.md
8d71aa3,[],read.md,md,0,0,111,0,read.md
68ad530,[],Serialize.h,h,1,0,2,1,Helper/Serialize.h
68ad530,[],mstring.cpp,cpp,1,0,1,1,Helper/mstring.cpp
68ad530,[],Reply_timeout.h,h,0,0,39,0,Manager/Data/Reply_timeout.h
68ad530,[],update_data.cpp,cpp,1,0,2,0,Manager/Data/update_data.cpp
68ad530,[],update_data.h,h,1,0,1,0,Manager/Data/update_data.h
68ad530,[],update_dialog.cpp,cpp,1,0,28,11,Manager/Data/update_dialog.cpp
68ad530,[],update_dialog.h,h,1,0,9,1,Manager/Data/update_dialog.h
68ad530,[],config.cpp,cpp,1,0,10,2,Manager/config.cpp
68ad530,[],config.h,h,1,0,11,1,Manager/config.h
68ad530,[],key_manager.cpp,cpp,1,0,7,1,Manager/key_manager.cpp
68ad530,[],update.cpp,cpp,1,0,72,8,Manager/update.cpp
68ad530,[],update.h,h,1,0,6,0,Manager/update.h
68ad530,[],window_manager.cpp,cpp,1,0,10,1,Manager/window_manager.cpp
68ad530,[],window_manager.h,h,1,0,1,0,Manager/window_manager.h
68ad530,[],Ilayer.h,h,1,0,1,1,Paint/Data/Ilayer.h
68ad530,[],stretch_button.h,h,1,0,1,1,Paint/Data/stretch_button.h
68ad530,[],close_dialog.cpp,cpp,0,0,136,0,Paint/Widgets/close_dialog.cpp
68ad530,[],close_dialog.h,h,0,0,21,0,Paint/Widgets/close_dialog.h
68ad530,[],paint_area.cpp,cpp,1,0,14,12,Paint/Widgets/paint_area.cpp
68ad530,[],paint_area.h,h,1,0,1,1,Paint/Widgets/paint_area.h
68ad530,[],paint_layer.cpp,cpp,1,0,2,1,Paint/Widgets/paint_layer.cpp
68ad530,[],paint_layer.h,h,1,0,1,1,Paint/Widgets/paint_layer.h
68ad530,[],paint_setting_panel.cpp,cpp,1,0,16,15,Paint/Widgets/paint_setting_panel.cpp
68ad530,[],picture_layer.cpp,cpp,1,0,24,6,Paint/Widgets/picture_layer.cpp
68ad530,[],picture_layer.h,h,1,0,2,2,Paint/Widgets/picture_layer.h
68ad530,[],paint_window.cpp,cpp,1,0,86,34,Paint/paint_window.cpp
68ad530,[],paint_window.h,h,1,0,1,0,Paint/paint_window.h
68ad530,[],bool_tab.cpp,cpp,1,0,5,2,Panel/Widgets/bool_tab.cpp
68ad530,[],bool_tab.h,h,1,0,1,1,Panel/Widgets/bool_tab.h
68ad530,[],num_tab.cpp,cpp,0,0,37,0,Panel/Widgets/num_tab.cpp
68ad530,[],num_tab.h,h,0,0,21,0,Panel/Widgets/num_tab.h
68ad530,[],tab_widget.cpp,cpp,1,0,34,58,Panel/Widgets/tab_widget.cpp
68ad530,[],tab_widget.h,h,1,0,4,0,Panel/Widgets/tab_widget.h
68ad530,[],setting.cpp,cpp,1,0,92,1,Panel/setting.cpp
68ad530,[],setting.h,h,1,0,3,2,Panel/setting.h
68ad530,[],chinese.xml,xml,1,0,11,0,Resource/Languages/Config/chinese.xml
68ad530,[],chinese.json,json,0,0,24,0,Resource/Languages/Paint_window/chinese.json
68ad530,[],chinese.xml,xml,1,0,22,0,Resource/Languages/Setting/chinese.xml
68ad530,[],Resources.qrc,qrc,1,0,7,4,Resource/Resources.qrc
68ad530,[],warning.png,png,0,0,0,0,Resource/warning.png
68ad530,[],spacer.cpp,cpp,1,0,3,2,Style_widget/spacer.cpp
68ad530,[],capture.pro,pro,1,0,7,0,capture.pro
68ad530,[],main.cpp,cpp,1,0,4,1,main.cpp
68ad530,[],mainwindow.cpp,cpp,1,0,25,17,mainwindow.cpp
68ad530,[],mainwindow.h,h,1,0,1,0,mainwindow.h
68ad530,[],capture_button_action.cpp,cpp,1,0,0,2,new_capture/capture_button_action.cpp
68ad530,[],capture_window.cpp,cpp,1,0,5,1,new_capture/capture_window.cpp
68ad530,[],update.json,json,2,0,0,9,update.json
3c36e23,[],update.json,json,0,0,9,0,update.json
172a154,[],Window_base.h,h,1,0,1,1,Base/Window_base.h
172a154,[],EnumReflect.h,h,1,0,17,1,Helper/EnumReflect.h
172a154,[],Serialize.h,h,1,0,62,4,Helper/Serialize.h
172a154,[],update_data.cpp,cpp,0,0,82,0,Manager/Data/update_data.cpp
172a154,[],update_data.h,h,0,0,45,0,Manager/Data/update_data.h
172a154,[],update_dialog.cpp,cpp,0,0,93,0,Manager/Data/update_dialog.cpp
172a154,[],update_dialog.h,h,0,0,15,0,Manager/Data/update_dialog.h
172a154,[],IKey_listener.h,h,0,0,10,0,Manager/IKey_listener.h
172a154,[],config.cpp,cpp,1,0,33,4,Manager/config.cpp
172a154,[],config.h,h,1,0,8,1,Manager/config.h
172a154,[],key_manager.cpp,cpp,1,0,290,3,Manager/key_manager.cpp
172a154,[],key_manager.h,h,1,0,28,8,Manager/key_manager.h
172a154,[],update.cpp,cpp,0,0,94,0,Manager/update.cpp
172a154,[],update.h,h,0,0,34,0,Manager/update.h
172a154,[],window_manager.cpp,cpp,1,0,4,0,Manager/window_manager.cpp
172a154,[],Ilayer.h,h,1,0,5,2,Paint/Data/Ilayer.h
172a154,[],stretch_button.cpp,cpp,0,0,84,0,Paint/Data/stretch_button.cpp
172a154,[],stretch_button.h,h,0,0,30,0,Paint/Data/stretch_button.h
172a154,[],paint_area.cpp,cpp,1,0,57,16,Paint/Widgets/paint_area.cpp
172a154,[],paint_area.h,h,1,0,2,0,Paint/Widgets/paint_area.h
172a154,[],paint_layer.cpp,cpp,1,0,8,3,Paint/Widgets/paint_layer.cpp
172a154,[],paint_layer.h,h,1,0,5,4,Paint/Widgets/paint_layer.h
172a154,[],picture_layer.cpp,cpp,1,0,76,107,Paint/Widgets/picture_layer.cpp
172a154,[],picture_layer.h,h,1,0,9,10,Paint/Widgets/picture_layer.h
172a154,[],key_tab.cpp,cpp,0,0,91,0,Panel/Widgets/key_tab.cpp
172a154,[],key_tab.h,h,0,0,31,0,Panel/Widgets/key_tab.h
172a154,[],tab_widget.cpp,cpp,1,0,24,5,Panel/Widgets/tab_widget.cpp
172a154,[],tab_widget.h,h,1,0,1,2,Panel/Widgets/tab_widget.h
172a154,[],setting.cpp,cpp,1,0,27,2,Panel/setting.cpp
172a154,[],setting.h,h,1,0,2,0,Panel/setting.h
172a154,[],capture.pro,pro,1,0,20,2,capture.pro
172a154,[],hook.cpp,cpp,1,0,8,3,hook.cpp
172a154,[],hook.h,h,1,0,2,2,hook.h
172a154,[],main.cpp,cpp,1,0,7,1,main.cpp
172a154,[],mainwindow.cpp,cpp,1,0,45,1,mainwindow.cpp
172a154,[],mainwindow.h,h,1,0,5,2,mainwindow.h
172a154,[],capture_area.cpp,cpp,1,0,10,6,new_capture/Widgets/capture_area.cpp
172a154,[],capture_region.cpp,cpp,1,0,4,3,new_capture/Widgets/capture_region.cpp
172a154,[],stretch_point.h,h,1,0,2,1,new_capture/Widgets/stretch_point.h
172a154,[],capture_window.cpp,cpp,1,0,85,11,new_capture/capture_window.cpp
172a154,[],capture_window.h,h,1,0,1,0,new_capture/capture_window.h
a74b107,[],hook.cpp,cpp,1,0,8,3,hook.cpp
a74b107,[],hook.h,h,1,0,2,2,hook.h
2783bd5,[],capture_window.cpp,cpp,1,0,77,31,new_capture/capture_window.cpp
2783bd5,[],capture_window.h,h,1,0,2,0,new_capture/capture_window.h
1416591,[],Window_base.h,h,1,0,1,0,Base/Window_base.h
1416591,[],my_math.cpp,cpp,2,0,0,13,Helper/my_math.cpp
1416591,[],my_math.h,h,2,0,0,15,Helper/my_math.h
1416591,[],Hook.pro,pro,0,0,30,0,Hook.pro
1416591,[],Hook_global.h,h,0,0,12,0,Hook_global.h
1416591,[],config.cpp,cpp,1,0,6,1,Manager/config.cpp
1416591,[],config.h,h,1,0,8,1,Manager/config.h
1416591,[],window_manager.cpp,cpp,1,0,30,0,Manager/window_manager.cpp
1416591,[],window_manager.h,h,1,0,3,0,Manager/window_manager.h
1416591,[],paint_data.h,h,1,0,7,1,Paint/Data/paint_data.h
1416591,[],color_selector.cpp,cpp,0,0,130,0,Paint/Widgets/color_selector.cpp
1416591,[],color_selector.h,h,0,0,35,0,Paint/Widgets/color_selector.h
1416591,[],paint_area.cpp,cpp,1,0,52,23,Paint/Widgets/paint_area.cpp
1416591,[],paint_area.h,h,1,0,4,0,Paint/Widgets/paint_area.h
1416591,[],paint_setting_panel.cpp,cpp,1,0,116,1,Paint/Widgets/paint_setting_panel.cpp
1416591,[],paint_setting_panel.h,h,1,0,5,0,Paint/Widgets/paint_setting_panel.h
1416591,[],picture_layer.cpp,cpp,1,0,96,35,Paint/Widgets/picture_layer.cpp
1416591,[],picture_layer.h,h,1,0,12,6,Paint/Widgets/picture_layer.h
1416591,[],style_manager.cpp,cpp,1,0,6,1,Paint/Widgets/style_manager.cpp
1416591,[],style_manager.h,h,1,0,1,0,Paint/Widgets/style_manager.h
1416591,[],paint_window.cpp,cpp,1,0,49,2,Paint/paint_window.cpp
1416591,[],paint_window.h,h,1,0,1,0,Paint/paint_window.h
1416591,[],setting.cpp,cpp,1,0,0,1,Panel/setting.cpp
1416591,[],chinese.xml,xml,1,0,6,0,Resource/Languages/MainWIndow/chinese.xml
1416591,[],Resources.qrc,qrc,1,0,3,0,Resource/Resources.qrc
1416591,[],color_dropper.png,png,0,0,0,0,Resource/color_dropper.png
1416591,[],custom_button.qss,qss,1,0,8,10,Resource/custom_button.qss
1416591,[],delete.svg,svg,0,0,2,0,Resource/delete.svg
1416591,[],mode.png,png,0,0,0,0,Resource/mode.png
1416591,[],tray.cpp,cpp,0,0,33,0,Style_widget/tray.cpp
1416591,[],tray.h,h,0,0,12,0,Style_widget/tray.h
1416591,[],capture.pro,pro,1,0,11,2,capture.pro
1416591,[],hook.cpp,cpp,0,0,163,0,hook.cpp
1416591,[],hook.h,h,0,0,53,0,hook.h
1416591,[],main.cpp,cpp,1,0,1,1,main.cpp
1416591,[],mainwindow.cpp,cpp,1,0,33,1,mainwindow.cpp
1416591,[],capture_area.cpp,cpp,1,0,0,1,new_capture/Widgets/capture_area.cpp
1416591,[],capture_area.h,h,1,0,0,1,new_capture/Widgets/capture_area.h
1416591,[],stretch_point.cpp,cpp,1,0,1,2,new_capture/Widgets/stretch_point.cpp
1416591,[],stretch_point.h,h,1,0,1,1,new_capture/Widgets/stretch_point.h
1416591,[],capture_button_action.cpp,cpp,1,0,22,1,new_capture/capture_button_action.cpp
1416591,[],capture_button_action.h,h,1,0,4,0,new_capture/capture_button_action.h
1416591,[],capture_window.cpp,cpp,1,0,82,4,new_capture/capture_window.cpp
1416591,[],capture_window.h,h,1,0,2,1,new_capture/capture_window.h
3cdd739,[],hook.cpp,cpp,1,0,8,18,hook.cpp
3cdd739,[],hook.h,h,1,0,1,1,hook.h
73a7f48,[],hook.cpp,cpp,1,0,4,0,hook.cpp
73a7f48,[],hook.h,h,1,0,1,1,hook.h
81186ca,[],.gitignore,gitignore,0,0,73,0,.gitignore
81186ca,[],Hook.pro,pro,0,0,30,0,Hook.pro
81186ca,[],Hook_global.h,h,0,0,12,0,Hook_global.h
81186ca,[],hook.cpp,cpp,0,0,169,0,hook.cpp
81186ca,[],hook.h,h,0,0,53,0,hook.h
f8bc36f,[],Record_element.h,h,1,0,3,2,Base/Record_element.h
f8bc36f,[],Window_base.h,h,1,0,12,0,Base/Window_base.h
f8bc36f,[],config.cpp,cpp,1,0,3,1,Manager/config.cpp
f8bc36f,[],config.h,h,1,0,3,1,Manager/config.h
f8bc36f,[],window_manager.cpp,cpp,1,0,65,24,Manager/window_manager.cpp
f8bc36f,[],window_manager.h,h,1,0,13,1,Manager/window_manager.h
f8bc36f,[],History_data.h,h,0,0,15,0,Paint/Data/History_data.h
f8bc36f,[],Ilayer.h,h,0,0,19,0,Paint/Data/Ilayer.h
f8bc36f,[],paint_data.h,h,1,0,11,1,Paint/Data/paint_data.h
f8bc36f,[],IControl_layer_change.h,h,0,0,14,0,Paint/Widgets/IControl_layer_change.h
f8bc36f,[],list_item.cpp,cpp,0,0,62,0,Paint/Widgets/Layer_list/list_item.cpp
f8bc36f,[],list_item.h,h,0,0,23,0,Paint/Widgets/Layer_list/list_item.h
f8bc36f,[],list_widget.cpp,cpp,0,0,113,0,Paint/Widgets/Layer_list/list_widget.cpp
f8bc36f,[],list_widget.h,h,0,0,22,0,Paint/Widgets/Layer_list/list_widget.h
f8bc36f,[],history.cpp,cpp,0,0,228,0,Paint/Widgets/history.cpp
f8bc36f,[],history.h,h,0,0,25,0,Paint/Widgets/history.h
f8bc36f,[],paint_area.cpp,cpp,1,0,121,36,Paint/Widgets/paint_area.cpp
f8bc36f,[],paint_area.h,h,1,0,15,4,Paint/Widgets/paint_area.h
f8bc36f,[],paint_layer.cpp,cpp,1,0,71,15,Paint/Widgets/paint_layer.cpp
f8bc36f,[],paint_layer.h,h,1,0,10,7,Paint/Widgets/paint_layer.h
f8bc36f,[],paint_setting_panel.cpp,cpp,1,0,115,22,Paint/Widgets/paint_setting_panel.cpp
f8bc36f,[],paint_setting_panel.h,h,1,0,12,1,Paint/Widgets/paint_setting_panel.h
f8bc36f,[],picture_layer.cpp,cpp,1,0,92,15,Paint/Widgets/picture_layer.cpp
f8bc36f,[],picture_layer.h,h,1,0,26,3,Paint/Widgets/picture_layer.h
f8bc36f,[],recoder.cpp,cpp,2,0,0,55,Paint/Widgets/recoder.cpp
f8bc36f,[],recorder.cpp,cpp,0,0,66,0,Paint/Widgets/recorder.cpp
f8bc36f,[],recorder.h,h,3,0,26,9,Paint/Widgets/recorder.h
f8bc36f,[],style_manager.cpp,cpp,1,0,42,3,Paint/Widgets/style_manager.cpp
f8bc36f,[],style_manager.h,h,1,0,6,0,Paint/Widgets/style_manager.h
f8bc36f,[],paint_window.cpp,cpp,1,0,218,10,Paint/paint_window.cpp
f8bc36f,[],paint_window.h,h,1,0,15,1,Paint/paint_window.h
f8bc36f,[],setting.cpp,cpp,1,0,2,1,Panel/setting.cpp
f8bc36f,[],setting.h,h,1,0,1,1,Panel/setting.h
f8bc36f,[],cancel.svg,svg,2,0,0,1,Resource/Languages/cancel.svg
f8bc36f,[],ok.svg,svg,2,0,0,1,Resource/Languages/ok.svg
f8bc36f,[],Resources.qrc,qrc,1,0,12,0,Resource/Resources.qrc
f8bc36f,[],add.svg,svg,0,0,2,0,Resource/add.svg
f8bc36f,[],clean.svg,svg,0,0,2,0,Resource/clean.svg
f8bc36f,[],down.png,png,0,0,0,0,Resource/down.png
f8bc36f,[],eraser.png,png,0,0,0,0,Resource/eraser.png
f8bc36f,[],hide.png,png,0,0,0,0,Resource/hide.png
f8bc36f,[],highlighter.png,png,0,0,0,0,Resource/highlighter.png
f8bc36f,[],highlighter_cursor.png,png,0,0,0,0,Resource/highlighter_cursor.png
f8bc36f,[],pencil.png,png,0,0,0,0,Resource/pencil.png
f8bc36f,[],save.png,png,0,0,0,0,Resource/save.png
f8bc36f,[],show.png,png,0,0,0,0,Resource/show.png
f8bc36f,[],up.png,png,0,0,0,0,Resource/up.png
f8bc36f,[],spacer.cpp,cpp,0,0,91,0,Style_widget/spacer.cpp
f8bc36f,[],spacer.h,h,0,0,32,0,Style_widget/spacer.h
f8bc36f,[],capture.pro,pro,1,0,13,2,capture.pro
f8bc36f,[],main.cpp,cpp,1,0,1,1,main.cpp
f8bc36f,[],mainwindow.cpp,cpp,1,0,12,0,mainwindow.cpp
f8bc36f,[],mainwindow.h,h,1,0,3,0,mainwindow.h
f8bc36f,[],Ipoint_position_change.h,h,1,0,2,0,new_capture/Widgets/Ipoint_position_change.h
f8bc36f,[],capture_area.cpp,cpp,1,0,9,6,new_capture/Widgets/capture_area.cpp
f8bc36f,[],capture_region.cpp,cpp,1,0,7,0,new_capture/Widgets/capture_region.cpp
f8bc36f,[],capture_region.h,h,1,0,3,2,new_capture/Widgets/capture_region.h
f8bc36f,[],stretch_point.cpp,cpp,1,0,17,2,new_capture/Widgets/stretch_point.cpp
f8bc36f,[],stretch_point.h,h,1,0,2,2,new_capture/Widgets/stretch_point.h
b83dcc5,[],Record_element.h,h,0,0,11,0,Base/Record_element.h
b83dcc5,[],Tab_base.h,h,1,0,1,0,Base/Tab_base.h
b83dcc5,[],Window_base.h,h,1,0,3,0,Base/Window_base.h
b83dcc5,[],Reflect.h,h,1,0,4,0,Helper/Reflect.h
b83dcc5,[],window_manager.cpp,cpp,1,0,5,0,Manager/window_manager.cpp
b83dcc5,[],window_manager.h,h,1,0,1,0,Manager/window_manager.h
b83dcc5,[],paint_data.h,h,0,0,18,0,Paint/Data/paint_data.h
b83dcc5,[],paint_area.cpp,cpp,1,0,143,0,Paint/Widgets/paint_area.cpp
b83dcc5,[],paint_area.h,h,1,0,29,2,Paint/Widgets/paint_area.h
b83dcc5,[],paint_layer.cpp,cpp,0,0,84,0,Paint/Widgets/paint_layer.cpp
b83dcc5,[],paint_layer.h,h,0,0,42,0,Paint/Widgets/paint_layer.h
b83dcc5,[],paint_setting_panel.cpp,cpp,1,0,51,0,Paint/Widgets/paint_setting_panel.cpp
b83dcc5,[],paint_setting_panel.h,h,1,0,10,1,Paint/Widgets/paint_setting_panel.h
b83dcc5,[],picture_layer.cpp,cpp,0,0,60,0,Paint/Widgets/picture_layer.cpp
b83dcc5,[],picture_layer.h,h,0,0,27,0,Paint/Widgets/picture_layer.h
b83dcc5,[],recoder.cpp,cpp,0,0,55,0,Paint/Widgets/recoder.cpp
b83dcc5,[],recoder.h,h,0,0,121,0,Paint/Widgets/recoder.h
b83dcc5,[],style_manager.cpp,cpp,0,0,62,0,Paint/Widgets/style_manager.cpp
b83dcc5,[],style_manager.h,h,0,0,24,0,Paint/Widgets/style_manager.h
b83dcc5,[],paint_window.cpp,cpp,1,0,106,2,Paint/paint_window.cpp
b83dcc5,[],paint_window.h,h,1,0,14,1,Paint/paint_window.h
b83dcc5,[],paint_window.ui,ui,1,0,22,4,Paint/paint_window.ui
b83dcc5,[],chinese.xml,xml,0,0,5,0,Resource/Languages/Setting/chinese.xml
b83dcc5,[],cancel.svg,svg,0,0,1,0,Resource/Languages/cancel.svg
b83dcc5,[],ok.svg,svg,0,0,1,0,Resource/Languages/ok.svg
b83dcc5,[],Resources.qrc,qrc,1,0,3,0,Resource/Resources.qrc
b83dcc5,[],more.png,png,0,0,0,0,Resource/more.png
b83dcc5,[],redo.png,png,0,0,0,0,Resource/redo.png
b83dcc5,[],undo.png,png,0,0,0,0,Resource/undo.png
b83dcc5,[],capture.pro,pro,1,0,9,0,capture.pro
b83dcc5,[],mainwindow.cpp,cpp,1,0,2,0,mainwindow.cpp
b83dcc5,[],mainwindow.ui,ui,1,0,14,11,mainwindow.ui
b83dcc5,[],capture_area.cpp,cpp,1,0,68,62,new_capture/Widgets/capture_area.cpp
b83dcc5,[],capture_area.h,h,1,0,9,210,new_capture/Widgets/capture_area.h
b83dcc5,[],capture_region.cpp,cpp,1,0,43,18,new_capture/Widgets/capture_region.cpp
b83dcc5,[],capture_region.h,h,1,0,2,1,new_capture/Widgets/capture_region.h
b83dcc5,[],stretch_point.cpp,cpp,1,0,32,7,new_capture/Widgets/stretch_point.cpp
b83dcc5,[],stretch_point.h,h,1,0,4,0,new_capture/Widgets/stretch_point.h
b83dcc5,[],capture_window.cpp,cpp,1,0,11,2,new_capture/capture_window.cpp
42edace,[],Serializable.h,h,0,0,15,0,Base/Serializable.h
42edace,[],Tab_base.h,h,1,0,1,0,Base/Tab_base.h
42edace,[],Window_base.h,h,1,0,20,7,Base/Window_base.h
42edace,[],EnumReflect.h,h,0,0,72,0,Helper/EnumReflect.h
42edace,[],Serialize.h,h,0,0,75,0,Helper/Serialize.h
42edace,[],debug.cpp,cpp,1,0,8,0,Helper/debug.cpp
42edace,[],debug.h,h,1,0,1,0,Helper/debug.h
42edace,[],mstring.cpp,cpp,0,0,115,0,Helper/mstring.cpp
42edace,[],mstring.h,h,0,0,17,0,Helper/mstring.h
42edace,[],plist.h,h,1,0,1,0,Helper/plist.h
42edace,[],stackdumper.cpp,cpp,0,0,44,0,Helper/stackdumper.cpp
42edace,[],stackdumper.h,h,0,0,30,0,Helper/stackdumper.h
42edace,[],config.cpp,cpp,1,0,52,94,Manager/config.cpp
42edace,[],config.h,h,1,0,35,17,Manager/config.h
42edace,[],key_manager.cpp,cpp,1,0,166,20,Manager/key_manager.cpp
42edace,[],key_manager.h,h,1,0,96,10,Manager/key_manager.h
42edace,[],paint_area.cpp,cpp,0,0,6,0,Paint/Widgets/paint_area.cpp
42edace,[],paint_area.h,h,0,0,12,0,Paint/Widgets/paint_area.h
42edace,[],paint_setting_panel.cpp,cpp,0,0,6,0,Paint/Widgets/paint_setting_panel.cpp
42edace,[],paint_setting_panel.h,h,0,0,12,0,Paint/Widgets/paint_setting_panel.h
42edace,[],paint_window.cpp,cpp,0,0,18,0,Paint/paint_window.cpp
42edace,[],paint_window.h,h,0,0,23,0,Paint/paint_window.h
42edace,[],paint_window.ui,ui,0,0,30,0,Paint/paint_window.ui
42edace,[],bool_tab.cpp,cpp,3,0,0,0,Panel/Widgets/bool_tab.cpp
42edace,[],bool_tab.h,h,3,0,1,1,Panel/Widgets/bool_tab.h
42edace,[],combo_tab.cpp,cpp,3,0,2,3,Panel/Widgets/combo_tab.cpp
42edace,[],combo_tab.h,h,3,0,1,2,Panel/Widgets/combo_tab.h
42edace,[],tab_widget.cpp,cpp,3,0,33,9,Panel/Widgets/tab_widget.cpp
42edace,[],tab_widget.h,h,3,0,3,3,Panel/Widgets/tab_widget.h
42edace,[],setting.cpp,cpp,1,0,10,7,Panel/setting.cpp
42edace,[],setting.h,h,1,0,1,1,Panel/setting.h
42edace,[],chinese.xml,xml,0,0,6,0,Resource/Languages/Config/chinese.xml
42edace,[],chinese.xml,xml,0,0,4,0,Resource/Languages/MainWIndow/chinese.xml
42edace,[],Resources.qrc,qrc,1,0,10,2,Resource/Resources.qrc
42edace,[],avator.png,png,0,0,0,0,Resource/avator.png
42edace,[],cancel.svg,svg,0,0,2,0,Resource/cancel.svg
42edace,[],capture_ok_button.qss,qss,0,0,16,0,Resource/capture_ok_button.qss
42edace,[],ok.svg,svg,0,0,2,0,Resource/ok.svg
42edace,[],capture.pro,pro,1,0,28,13,capture.pro
42edace,[],main.cpp,cpp,1,0,5,1,main.cpp
42edace,[],mainwindow.cpp,cpp,1,0,20,4,mainwindow.cpp
42edace,[],mainwindow.h,h,1,0,2,2,mainwindow.h
42edace,[],Ipoint_position_change.h,h,0,0,10,0,new_capture/Widgets/Ipoint_position_change.h
42edace,[],capture_area.cpp,cpp,3,0,91,15,new_capture/Widgets/capture_area.cpp
42edace,[],capture_area.h,h,3,0,43,26,new_capture/Widgets/capture_area.h
42edace,[],capture_region.cpp,cpp,3,0,38,26,new_capture/Widgets/capture_region.cpp
42edace,[],capture_region.h,h,3,0,6,3,new_capture/Widgets/capture_region.h
42edace,[],stretch_point.cpp,cpp,3,0,5,4,new_capture/Widgets/stretch_point.cpp
42edace,[],stretch_point.h,h,3,0,5,5,new_capture/Widgets/stretch_point.h
42edace,[],capture_window.cpp,cpp,1,0,57,4,new_capture/capture_window.cpp
42edace,[],capture_window.h,h,1,0,3,2,new_capture/capture_window.h
4ffbe43,[],Tab_base.h,h,0,0,12,0,Base/Tab_base.h
4ffbe43,[],Window_base.h,h,1,0,3,0,Base/Window_base.h
4ffbe43,[],Reflect.h,h,0,0,43,0,Helper/Reflect.h
4ffbe43,[],debug.cpp,cpp,0,0,12,0,Helper/debug.cpp
4ffbe43,[],debug.h,h,0,0,12,0,Helper/debug.h
4ffbe43,[],plist.h,h,0,0,64,0,Helper/plist.h
4ffbe43,[],config.cpp,cpp,3,0,47,11,Manager/config.cpp
4ffbe43,[],config.h,h,0,0,33,0,Manager/config.h
4ffbe43,[],key_manager.cpp,cpp,0,0,38,0,Manager/key_manager.cpp
4ffbe43,[],key_manager.h,h,0,0,35,0,Manager/key_manager.h
4ffbe43,[],window_manager.cpp,cpp,0,0,103,0,Manager/window_manager.cpp
4ffbe43,[],window_manager.h,h,3,0,2,0,Manager/window_manager.h
4ffbe43,[],setting.cpp,cpp,0,0,90,0,Panel/setting.cpp
4ffbe43,[],setting.h,h,0,0,47,0,Panel/setting.h
4ffbe43,[],setting.ui,ui,0,0,31,0,Panel/setting.ui
4ffbe43,[],Resources.qrc,qrc,0,0,11,0,Resource/Resources.qrc
4ffbe43,[],capture.png,png,0,0,0,0,Resource/capture.png
4ffbe43,[],custom_button.qss,qss,0,0,21,0,Resource/custom_button.qss
4ffbe43,[],设 置.svg,svg,0,0,1,0,Resource/设 置.svg
4ffbe43,[],capture_area.cpp,cpp,0,0,288,0,Widgets/Capture_widgets/capture_area.cpp
4ffbe43,[],capture_area.h,h,0,0,251,0,Widgets/Capture_widgets/capture_area.h
4ffbe43,[],capture_region.cpp,cpp,0,0,180,0,Widgets/Capture_widgets/capture_region.cpp
4ffbe43,[],capture_region.h,h,0,0,40,0,Widgets/Capture_widgets/capture_region.h
4ffbe43,[],stretch_point.cpp,cpp,0,0,194,0,Widgets/Capture_widgets/stretch_point.cpp
4ffbe43,[],stretch_point.h,h,0,0,51,0,Widgets/Capture_widgets/stretch_point.h
4ffbe43,[],bool_tab.cpp,cpp,0,0,38,0,Widgets/Setting_widgets/bool_tab.cpp
4ffbe43,[],bool_tab.h,h,0,0,25,0,Widgets/Setting_widgets/bool_tab.h
4ffbe43,[],combo_tab.cpp,cpp,0,0,54,0,Widgets/Setting_widgets/combo_tab.cpp
4ffbe43,[],combo_tab.h,h,0,0,26,0,Widgets/Setting_widgets/combo_tab.h
4ffbe43,[],tab_widget.cpp,cpp,0,0,142,0,Widgets/Setting_widgets/tab_widget.cpp
4ffbe43,[],tab_widget.h,h,0,0,41,0,Widgets/Setting_widgets/tab_widget.h
4ffbe43,[],capture_area.cpp,cpp,2,0,0,192,Widgets/capture_area.cpp
4ffbe43,[],capture_area.h,h,2,0,0,42,Widgets/capture_area.h
4ffbe43,[],Window_manager.cpp,cpp,2,0,0,67,Window_manager.cpp
4ffbe43,[],capture.pro,pro,1,0,30,7,capture.pro
4ffbe43,[],config.h,h,2,0,0,27,config.h
4ffbe43,[],main.cpp,cpp,1,0,10,3,main.cpp
4ffbe43,[],mainwindow.cpp,cpp,1,0,31,13,mainwindow.cpp
4ffbe43,[],mainwindow.h,h,1,0,10,3,mainwindow.h
4ffbe43,[],mainwindow.ui,ui,1,0,1,15,mainwindow.ui
4ffbe43,[],capture_button_action.cpp,cpp,1,0,2,11,new_capture/capture_button_action.cpp
4ffbe43,[],capture_button_action.h,h,1,0,0,1,new_capture/capture_button_action.h
4ffbe43,[],capture_window.cpp,cpp,1,0,19,11,new_capture/capture_window.cpp
4ffbe43,[],capture_window.h,h,1,0,2,3,new_capture/capture_window.h
6bd8fa0,[],Window_base.h,h,0,0,28,0,Base/Window_base.h
6bd8fa0,[],my_math.cpp,cpp,0,0,13,0,Helper/my_math.cpp
6bd8fa0,[],my_math.h,h,0,0,15,0,Helper/my_math.h
6bd8fa0,[],capture_area.cpp,cpp,1,0,136,22,Widgets/capture_area.cpp
6bd8fa0,[],capture_area.h,h,1,0,14,0,Widgets/capture_area.h
6bd8fa0,[],Window_manager.cpp,cpp,1,0,10,2,Window_manager.cpp
6bd8fa0,[],capture.pro,pro,1,0,5,0,capture.pro
6bd8fa0,[],config.cpp,cpp,0,0,120,0,config.cpp
6bd8fa0,[],config.h,h,0,0,27,0,config.h
6bd8fa0,[],main.cpp,cpp,1,0,2,0,main.cpp
6bd8fa0,[],mainwindow.cpp,cpp,1,0,7,1,mainwindow.cpp
6bd8fa0,[],mainwindow.h,h,1,0,3,1,mainwindow.h
6bd8fa0,[],mainwindow.ui,ui,1,0,4,1,mainwindow.ui
6bd8fa0,[],capture_button_action.cpp,cpp,1,0,1,1,new_capture/capture_button_action.cpp
6bd8fa0,[],capture_window.cpp,cpp,1,0,61,8,new_capture/capture_window.cpp
6bd8fa0,[],capture_window.h,h,1,0,12,7,new_capture/capture_window.h
6bd8fa0,[],capture_window.ui,ui,1,0,6,20,new_capture/capture_window.ui
6bd8fa0,[],window_manager.h,h,1,0,4,2,window_manager.h
89e830d,[],LICENSE,LICENSE,0,0,674,0,LICENSE
866c493,[],read.md,md,2,0,0,111,read.md
3a1c983,[],README.md,md,0,0,111,0,README.md
8d71aa3,[],read.md,md,0,0,111,0,read.md
68ad530,[],Serialize.h,h,1,0,2,1,Helper/Serialize.h
68ad530,[],mstring.cpp,cpp,1,0,1,1,Helper/mstring.cpp
68ad530,[],Reply_timeout.h,h,0,0,39,0,Manager/Data/Reply_timeout.h
68ad530,[],update_data.cpp,cpp,1,0,2,0,Manager/Data/update_data.cpp
68ad530,[],update_data.h,h,1,0,1,0,Manager/Data/update_data.h
68ad530,[],update_dialog.cpp,cpp,1,0,28,11,Manager/Data/update_dialog.cpp
68ad530,[],update_dialog.h,h,1,0,9,1,Manager/Data/update_dialog.h
68ad530,[],config.cpp,cpp,1,0,10,2,Manager/config.cpp
68ad530,[],config.h,h,1,0,11,1,Manager/config.h
68ad530,[],key_manager.cpp,cpp,1,0,7,1,Manager/key_manager.cpp
68ad530,[],update.cpp,cpp,1,0,72,8,Manager/update.cpp
68ad530,[],update.h,h,1,0,6,0,Manager/update.h
68ad530,[],window_manager.cpp,cpp,1,0,10,1,Manager/window_manager.cpp
68ad530,[],window_manager.h,h,1,0,1,0,Manager/window_manager.h
68ad530,[],Ilayer.h,h,1,0,1,1,Paint/Data/Ilayer.h
68ad530,[],stretch_button.h,h,1,0,1,1,Paint/Data/stretch_button.h
68ad530,[],close_dialog.cpp,cpp,0,0,136,0,Paint/Widgets/close_dialog.cpp
68ad530,[],close_dialog.h,h,0,0,21,0,Paint/Widgets/close_dialog.h
68ad530,[],paint_area.cpp,cpp,1,0,14,12,Paint/Widgets/paint_area.cpp
68ad530,[],paint_area.h,h,1,0,1,1,Paint/Widgets/paint_area.h
68ad530,[],paint_layer.cpp,cpp,1,0,2,1,Paint/Widgets/paint_layer.cpp
68ad530,[],paint_layer.h,h,1,0,1,1,Paint/Widgets/paint_layer.h
68ad530,[],paint_setting_panel.cpp,cpp,1,0,16,15,Paint/Widgets/paint_setting_panel.cpp
68ad530,[],picture_layer.cpp,cpp,1,0,24,6,Paint/Widgets/picture_layer.cpp
68ad530,[],picture_layer.h,h,1,0,2,2,Paint/Widgets/picture_layer.h
68ad530,[],paint_window.cpp,cpp,1,0,86,34,Paint/paint_window.cpp
68ad530,[],paint_window.h,h,1,0,1,0,Paint/paint_window.h
68ad530,[],bool_tab.cpp,cpp,1,0,5,2,Panel/Widgets/bool_tab.cpp
68ad530,[],bool_tab.h,h,1,0,1,1,Panel/Widgets/bool_tab.h
68ad530,[],num_tab.cpp,cpp,0,0,37,0,Panel/Widgets/num_tab.cpp
68ad530,[],num_tab.h,h,0,0,21,0,Panel/Widgets/num_tab.h
68ad530,[],tab_widget.cpp,cpp,1,0,34,58,Panel/Widgets/tab_widget.cpp
68ad530,[],tab_widget.h,h,1,0,4,0,Panel/Widgets/tab_widget.h
68ad530,[],setting.cpp,cpp,1,0,92,1,Panel/setting.cpp
68ad530,[],setting.h,h,1,0,3,2,Panel/setting.h
68ad530,[],chinese.xml,xml,1,0,11,0,Resource/Languages/Config/chinese.xml
68ad530,[],chinese.json,json,0,0,24,0,Resource/Languages/Paint_window/chinese.json
68ad530,[],chinese.xml,xml,1,0,22,0,Resource/Languages/Setting/chinese.xml
68ad530,[],Resources.qrc,qrc,1,0,7,4,Resource/Resources.qrc
68ad530,[],warning.png,png,0,0,0,0,Resource/warning.png
68ad530,[],spacer.cpp,cpp,1,0,3,2,Style_widget/spacer.cpp
68ad530,[],capture.pro,pro,1,0,7,0,capture.pro
68ad530,[],main.cpp,cpp,1,0,4,1,main.cpp
68ad530,[],mainwindow.cpp,cpp,1,0,25,17,mainwindow.cpp
68ad530,[],mainwindow.h,h,1,0,1,0,mainwindow.h
68ad530,[],capture_button_action.cpp,cpp,1,0,0,2,new_capture/capture_button_action.cpp
68ad530,[],capture_window.cpp,cpp,1,0,5,1,new_capture/capture_window.cpp
68ad530,[],update.json,json,2,0,0,9,update.json
3c36e23,[],update.json,json,0,0,9,0,update.json
172a154,[],Window_base.h,h,1,0,1,1,Base/Window_base.h
172a154,[],EnumReflect.h,h,1,0,17,1,Helper/EnumReflect.h
172a154,[],Serialize.h,h,1,0,62,4,Helper/Serialize.h
172a154,[],update_data.cpp,cpp,0,0,82,0,Manager/Data/update_data.cpp
172a154,[],update_data.h,h,0,0,45,0,Manager/Data/update_data.h
172a154,[],update_dialog.cpp,cpp,0,0,93,0,Manager/Data/update_dialog.cpp
172a154,[],update_dialog.h,h,0,0,15,0,Manager/Data/update_dialog.h
172a154,[],IKey_listener.h,h,0,0,10,0,Manager/IKey_listener.h
172a154,[],config.cpp,cpp,1,0,33,4,Manager/config.cpp
172a154,[],config.h,h,1,0,8,1,Manager/config.h
172a154,[],key_manager.cpp,cpp,1,0,290,3,Manager/key_manager.cpp
172a154,[],key_manager.h,h,1,0,28,8,Manager/key_manager.h
172a154,[],update.cpp,cpp,0,0,94,0,Manager/update.cpp
172a154,[],update.h,h,0,0,34,0,Manager/update.h
172a154,[],window_manager.cpp,cpp,1,0,4,0,Manager/window_manager.cpp
172a154,[],Ilayer.h,h,1,0,5,2,Paint/Data/Ilayer.h
172a154,[],stretch_button.cpp,cpp,0,0,84,0,Paint/Data/stretch_button.cpp
172a154,[],stretch_button.h,h,0,0,30,0,Paint/Data/stretch_button.h
172a154,[],paint_area.cpp,cpp,1,0,57,16,Paint/Widgets/paint_area.cpp
172a154,[],paint_area.h,h,1,0,2,0,Paint/Widgets/paint_area.h
172a154,[],paint_layer.cpp,cpp,1,0,8,3,Paint/Widgets/paint_layer.cpp
172a154,[],paint_layer.h,h,1,0,5,4,Paint/Widgets/paint_layer.h
172a154,[],picture_layer.cpp,cpp,1,0,76,107,Paint/Widgets/picture_layer.cpp
172a154,[],picture_layer.h,h,1,0,9,10,Paint/Widgets/picture_layer.h
172a154,[],key_tab.cpp,cpp,0,0,91,0,Panel/Widgets/key_tab.cpp
172a154,[],key_tab.h,h,0,0,31,0,Panel/Widgets/key_tab.h
172a154,[],tab_widget.cpp,cpp,1,0,24,5,Panel/Widgets/tab_widget.cpp
172a154,[],tab_widget.h,h,1,0,1,2,Panel/Widgets/tab_widget.h
172a154,[],setting.cpp,cpp,1,0,27,2,Panel/setting.cpp
172a154,[],setting.h,h,1,0,2,0,Panel/setting.h
172a154,[],capture.pro,pro,1,0,20,2,capture.pro
172a154,[],hook.cpp,cpp,1,0,8,3,hook.cpp
172a154,[],hook.h,h,1,0,2,2,hook.h
172a154,[],main.cpp,cpp,1,0,7,1,main.cpp
172a154,[],mainwindow.cpp,cpp,1,0,45,1,mainwindow.cpp
172a154,[],mainwindow.h,h,1,0,5,2,mainwindow.h
172a154,[],capture_area.cpp,cpp,1,0,10,6,new_capture/Widgets/capture_area.cpp
172a154,[],capture_region.cpp,cpp,1,0,4,3,new_capture/Widgets/capture_region.cpp
172a154,[],stretch_point.h,h,1,0,2,1,new_capture/Widgets/stretch_point.h
172a154,[],capture_window.cpp,cpp,1,0,85,11,new_capture/capture_window.cpp
172a154,[],capture_window.h,h,1,0,1,0,new_capture/capture_window.h
a74b107,[],hook.cpp,cpp,1,0,8,3,hook.cpp
a74b107,[],hook.h,h,1,0,2,2,hook.h
2783bd5,[],capture_window.cpp,cpp,1,0,77,31,new_capture/capture_window.cpp
2783bd5,[],capture_window.h,h,1,0,2,0,new_capture/capture_window.h
1416591,[],Window_base.h,h,1,0,1,0,Base/Window_base.h
1416591,[],my_math.cpp,cpp,2,0,0,13,Helper/my_math.cpp
1416591,[],my_math.h,h,2,0,0,15,Helper/my_math.h
1416591,[],Hook.pro,pro,0,0,30,0,Hook.pro
1416591,[],Hook_global.h,h,0,0,12,0,Hook_global.h
1416591,[],config.cpp,cpp,1,0,6,1,Manager/config.cpp
1416591,[],config.h,h,1,0,8,1,Manager/config.h
1416591,[],window_manager.cpp,cpp,1,0,30,0,Manager/window_manager.cpp
1416591,[],window_manager.h,h,1,0,3,0,Manager/window_manager.h
1416591,[],paint_data.h,h,1,0,7,1,Paint/Data/paint_data.h
1416591,[],color_selector.cpp,cpp,0,0,130,0,Paint/Widgets/color_selector.cpp
1416591,[],color_selector.h,h,0,0,35,0,Paint/Widgets/color_selector.h
1416591,[],paint_area.cpp,cpp,1,0,52,23,Paint/Widgets/paint_area.cpp
1416591,[],paint_area.h,h,1,0,4,0,Paint/Widgets/paint_area.h
1416591,[],paint_setting_panel.cpp,cpp,1,0,116,1,Paint/Widgets/paint_setting_panel.cpp
1416591,[],paint_setting_panel.h,h,1,0,5,0,Paint/Widgets/paint_setting_panel.h
1416591,[],picture_layer.cpp,cpp,1,0,96,35,Paint/Widgets/picture_layer.cpp
1416591,[],picture_layer.h,h,1,0,12,6,Paint/Widgets/picture_layer.h
1416591,[],style_manager.cpp,cpp,1,0,6,1,Paint/Widgets/style_manager.cpp
1416591,[],style_manager.h,h,1,0,1,0,Paint/Widgets/style_manager.h
1416591,[],paint_window.cpp,cpp,1,0,49,2,Paint/paint_window.cpp
1416591,[],paint_window.h,h,1,0,1,0,Paint/paint_window.h
1416591,[],setting.cpp,cpp,1,0,0,1,Panel/setting.cpp
1416591,[],chinese.xml,xml,1,0,6,0,Resource/Languages/MainWIndow/chinese.xml
1416591,[],Resources.qrc,qrc,1,0,3,0,Resource/Resources.qrc
1416591,[],color_dropper.png,png,0,0,0,0,Resource/color_dropper.png
1416591,[],custom_button.qss,qss,1,0,8,10,Resource/custom_button.qss
1416591,[],delete.svg,svg,0,0,2,0,Resource/delete.svg
1416591,[],mode.png,png,0,0,0,0,Resource/mode.png
1416591,[],tray.cpp,cpp,0,0,33,0,Style_widget/tray.cpp
1416591,[],tray.h,h,0,0,12,0,Style_widget/tray.h
1416591,[],capture.pro,pro,1,0,11,2,capture.pro
1416591,[],hook.cpp,cpp,0,0,163,0,hook.cpp
1416591,[],hook.h,h,0,0,53,0,hook.h
1416591,[],main.cpp,cpp,1,0,1,1,main.cpp
1416591,[],mainwindow.cpp,cpp,1,0,33,1,mainwindow.cpp
1416591,[],capture_area.cpp,cpp,1,0,0,1,new_capture/Widgets/capture_area.cpp
1416591,[],capture_area.h,h,1,0,0,1,new_capture/Widgets/capture_area.h
1416591,[],stretch_point.cpp,cpp,1,0,1,2,new_capture/Widgets/stretch_point.cpp
1416591,[],stretch_point.h,h,1,0,1,1,new_capture/Widgets/stretch_point.h
1416591,[],capture_button_action.cpp,cpp,1,0,22,1,new_capture/capture_button_action.cpp
1416591,[],capture_button_action.h,h,1,0,4,0,new_capture/capture_button_action.h
1416591,[],capture_window.cpp,cpp,1,0,82,4,new_capture/capture_window.cpp
1416591,[],capture_window.h,h,1,0,2,1,new_capture/capture_window.h
3cdd739,[],hook.cpp,cpp,1,0,8,18,hook.cpp
3cdd739,[],hook.h,h,1,0,1,1,hook.h
73a7f48,[],hook.cpp,cpp,1,0,4,0,hook.cpp
73a7f48,[],hook.h,h,1,0,1,1,hook.h
81186ca,[],.gitignore,gitignore,0,0,73,0,.gitignore
81186ca,[],Hook.pro,pro,0,0,30,0,Hook.pro
81186ca,[],Hook_global.h,h,0,0,12,0,Hook_global.h
81186ca,[],hook.cpp,cpp,0,0,169,0,hook.cpp
81186ca,[],hook.h,h,0,0,53,0,hook.h
f8bc36f,[],Record_element.h,h,1,0,3,2,Base/Record_element.h
f8bc36f,[],Window_base.h,h,1,0,12,0,Base/Window_base.h
f8bc36f,[],config.cpp,cpp,1,0,3,1,Manager/config.cpp
f8bc36f,[],config.h,h,1,0,3,1,Manager/config.h
f8bc36f,[],window_manager.cpp,cpp,1,0,65,24,Manager/window_manager.cpp
f8bc36f,[],window_manager.h,h,1,0,13,1,Manager/window_manager.h
f8bc36f,[],History_data.h,h,0,0,15,0,Paint/Data/History_data.h
f8bc36f,[],Ilayer.h,h,0,0,19,0,Paint/Data/Ilayer.h
f8bc36f,[],paint_data.h,h,1,0,11,1,Paint/Data/paint_data.h
f8bc36f,[],IControl_layer_change.h,h,0,0,14,0,Paint/Widgets/IControl_layer_change.h
f8bc36f,[],list_item.cpp,cpp,0,0,62,0,Paint/Widgets/Layer_list/list_item.cpp
f8bc36f,[],list_item.h,h,0,0,23,0,Paint/Widgets/Layer_list/list_item.h
f8bc36f,[],list_widget.cpp,cpp,0,0,113,0,Paint/Widgets/Layer_list/list_widget.cpp
f8bc36f,[],list_widget.h,h,0,0,22,0,Paint/Widgets/Layer_list/list_widget.h
f8bc36f,[],history.cpp,cpp,0,0,228,0,Paint/Widgets/history.cpp
f8bc36f,[],history.h,h,0,0,25,0,Paint/Widgets/history.h
f8bc36f,[],paint_area.cpp,cpp,1,0,121,36,Paint/Widgets/paint_area.cpp
f8bc36f,[],paint_area.h,h,1,0,15,4,Paint/Widgets/paint_area.h
f8bc36f,[],paint_layer.cpp,cpp,1,0,71,15,Paint/Widgets/paint_layer.cpp
f8bc36f,[],paint_layer.h,h,1,0,10,7,Paint/Widgets/paint_layer.h
f8bc36f,[],paint_setting_panel.cpp,cpp,1,0,115,22,Paint/Widgets/paint_setting_panel.cpp
f8bc36f,[],paint_setting_panel.h,h,1,0,12,1,Paint/Widgets/paint_setting_panel.h
f8bc36f,[],picture_layer.cpp,cpp,1,0,92,15,Paint/Widgets/picture_layer.cpp
f8bc36f,[],picture_layer.h,h,1,0,26,3,Paint/Widgets/picture_layer.h
f8bc36f,[],recoder.cpp,cpp,2,0,0,55,Paint/Widgets/recoder.cpp
f8bc36f,[],recorder.cpp,cpp,0,0,66,0,Paint/Widgets/recorder.cpp
f8bc36f,[],recorder.h,h,3,0,26,9,Paint/Widgets/recorder.h
f8bc36f,[],style_manager.cpp,cpp,1,0,42,3,Paint/Widgets/style_manager.cpp
f8bc36f,[],style_manager.h,h,1,0,6,0,Paint/Widgets/style_manager.h
f8bc36f,[],paint_window.cpp,cpp,1,0,218,10,Paint/paint_window.cpp
f8bc36f,[],paint_window.h,h,1,0,15,1,Paint/paint_window.h
f8bc36f,[],setting.cpp,cpp,1,0,2,1,Panel/setting.cpp
f8bc36f,[],setting.h,h,1,0,1,1,Panel/setting.h
f8bc36f,[],cancel.svg,svg,2,0,0,1,Resource/Languages/cancel.svg
f8bc36f,[],ok.svg,svg,2,0,0,1,Resource/Languages/ok.svg
f8bc36f,[],Resources.qrc,qrc,1,0,12,0,Resource/Resources.qrc
f8bc36f,[],add.svg,svg,0,0,2,0,Resource/add.svg
f8bc36f,[],clean.svg,svg,0,0,2,0,Resource/clean.svg
f8bc36f,[],down.png,png,0,0,0,0,Resource/down.png
f8bc36f,[],eraser.png,png,0,0,0,0,Resource/eraser.png
f8bc36f,[],hide.png,png,0,0,0,0,Resource/hide.png
f8bc36f,[],highlighter.png,png,0,0,0,0,Resource/highlighter.png
f8bc36f,[],highlighter_cursor.png,png,0,0,0,0,Resource/highlighter_cursor.png
f8bc36f,[],pencil.png,png,0,0,0,0,Resource/pencil.png
f8bc36f,[],save.png,png,0,0,0,0,Resource/save.png
f8bc36f,[],show.png,png,0,0,0,0,Resource/show.png
f8bc36f,[],up.png,png,0,0,0,0,Resource/up.png
f8bc36f,[],spacer.cpp,cpp,0,0,91,0,Style_widget/spacer.cpp
f8bc36f,[],spacer.h,h,0,0,32,0,Style_widget/spacer.h
f8bc36f,[],capture.pro,pro,1,0,13,2,capture.pro
f8bc36f,[],main.cpp,cpp,1,0,1,1,main.cpp
f8bc36f,[],mainwindow.cpp,cpp,1,0,12,0,mainwindow.cpp
f8bc36f,[],mainwindow.h,h,1,0,3,0,mainwindow.h
f8bc36f,[],Ipoint_position_change.h,h,1,0,2,0,new_capture/Widgets/Ipoint_position_change.h
f8bc36f,[],capture_area.cpp,cpp,1,0,9,6,new_capture/Widgets/capture_area.cpp
f8bc36f,[],capture_region.cpp,cpp,1,0,7,0,new_capture/Widgets/capture_region.cpp
f8bc36f,[],capture_region.h,h,1,0,3,2,new_capture/Widgets/capture_region.h
f8bc36f,[],stretch_point.cpp,cpp,1,0,17,2,new_capture/Widgets/stretch_point.cpp
f8bc36f,[],stretch_point.h,h,1,0,2,2,new_capture/Widgets/stretch_point.h
b83dcc5,[],Record_element.h,h,0,0,11,0,Base/Record_element.h
b83dcc5,[],Tab_base.h,h,1,0,1,0,Base/Tab_base.h
b83dcc5,[],Window_base.h,h,1,0,3,0,Base/Window_base.h
b83dcc5,[],Reflect.h,h,1,0,4,0,Helper/Reflect.h
b83dcc5,[],window_manager.cpp,cpp,1,0,5,0,Manager/window_manager.cpp
b83dcc5,[],window_manager.h,h,1,0,1,0,Manager/window_manager.h
b83dcc5,[],paint_data.h,h,0,0,18,0,Paint/Data/paint_data.h
b83dcc5,[],paint_area.cpp,cpp,1,0,143,0,Paint/Widgets/paint_area.cpp
b83dcc5,[],paint_area.h,h,1,0,29,2,Paint/Widgets/paint_area.h
b83dcc5,[],paint_layer.cpp,cpp,0,0,84,0,Paint/Widgets/paint_layer.cpp
b83dcc5,[],paint_layer.h,h,0,0,42,0,Paint/Widgets/paint_layer.h
b83dcc5,[],paint_setting_panel.cpp,cpp,1,0,51,0,Paint/Widgets/paint_setting_panel.cpp
b83dcc5,[],paint_setting_panel.h,h,1,0,10,1,Paint/Widgets/paint_setting_panel.h
b83dcc5,[],picture_layer.cpp,cpp,0,0,60,0,Paint/Widgets/picture_layer.cpp
b83dcc5,[],picture_layer.h,h,0,0,27,0,Paint/Widgets/picture_layer.h
b83dcc5,[],recoder.cpp,cpp,0,0,55,0,Paint/Widgets/recoder.cpp
b83dcc5,[],recoder.h,h,0,0,121,0,Paint/Widgets/recoder.h
b83dcc5,[],style_manager.cpp,cpp,0,0,62,0,Paint/Widgets/style_manager.cpp
b83dcc5,[],style_manager.h,h,0,0,24,0,Paint/Widgets/style_manager.h
b83dcc5,[],paint_window.cpp,cpp,1,0,106,2,Paint/paint_window.cpp
b83dcc5,[],paint_window.h,h,1,0,14,1,Paint/paint_window.h
b83dcc5,[],paint_window.ui,ui,1,0,22,4,Paint/paint_window.ui
b83dcc5,[],chinese.xml,xml,0,0,5,0,Resource/Languages/Setting/chinese.xml
b83dcc5,[],cancel.svg,svg,0,0,1,0,Resource/Languages/cancel.svg
b83dcc5,[],ok.svg,svg,0,0,1,0,Resource/Languages/ok.svg
b83dcc5,[],Resources.qrc,qrc,1,0,3,0,Resource/Resources.qrc
b83dcc5,[],more.png,png,0,0,0,0,Resource/more.png
b83dcc5,[],redo.png,png,0,0,0,0,Resource/redo.png
b83dcc5,[],undo.png,png,0,0,0,0,Resource/undo.png
b83dcc5,[],capture.pro,pro,1,0,9,0,capture.pro
b83dcc5,[],mainwindow.cpp,cpp,1,0,2,0,mainwindow.cpp
b83dcc5,[],mainwindow.ui,ui,1,0,14,11,mainwindow.ui
b83dcc5,[],capture_area.cpp,cpp,1,0,68,62,new_capture/Widgets/capture_area.cpp
b83dcc5,[],capture_area.h,h,1,0,9,210,new_capture/Widgets/capture_area.h
b83dcc5,[],capture_region.cpp,cpp,1,0,43,18,new_capture/Widgets/capture_region.cpp
b83dcc5,[],capture_region.h,h,1,0,2,1,new_capture/Widgets/capture_region.h
b83dcc5,[],stretch_point.cpp,cpp,1,0,32,7,new_capture/Widgets/stretch_point.cpp
b83dcc5,[],stretch_point.h,h,1,0,4,0,new_capture/Widgets/stretch_point.h
b83dcc5,[],capture_window.cpp,cpp,1,0,11,2,new_capture/capture_window.cpp
42edace,[],Serializable.h,h,0,0,15,0,Base/Serializable.h
42edace,[],Tab_base.h,h,1,0,1,0,Base/Tab_base.h
42edace,[],Window_base.h,h,1,0,20,7,Base/Window_base.h
42edace,[],EnumReflect.h,h,0,0,72,0,Helper/EnumReflect.h
42edace,[],Serialize.h,h,0,0,75,0,Helper/Serialize.h
42edace,[],debug.cpp,cpp,1,0,8,0,Helper/debug.cpp
42edace,[],debug.h,h,1,0,1,0,Helper/debug.h
42edace,[],mstring.cpp,cpp,0,0,115,0,Helper/mstring.cpp
42edace,[],mstring.h,h,0,0,17,0,Helper/mstring.h
42edace,[],plist.h,h,1,0,1,0,Helper/plist.h
42edace,[],stackdumper.cpp,cpp,0,0,44,0,Helper/stackdumper.cpp
42edace,[],stackdumper.h,h,0,0,30,0,Helper/stackdumper.h
42edace,[],config.cpp,cpp,1,0,52,94,Manager/config.cpp
42edace,[],config.h,h,1,0,35,17,Manager/config.h
42edace,[],key_manager.cpp,cpp,1,0,166,20,Manager/key_manager.cpp
42edace,[],key_manager.h,h,1,0,96,10,Manager/key_manager.h
42edace,[],paint_area.cpp,cpp,0,0,6,0,Paint/Widgets/paint_area.cpp
42edace,[],paint_area.h,h,0,0,12,0,Paint/Widgets/paint_area.h
42edace,[],paint_setting_panel.cpp,cpp,0,0,6,0,Paint/Widgets/paint_setting_panel.cpp
42edace,[],paint_setting_panel.h,h,0,0,12,0,Paint/Widgets/paint_setting_panel.h
42edace,[],paint_window.cpp,cpp,0,0,18,0,Paint/paint_window.cpp
42edace,[],paint_window.h,h,0,0,23,0,Paint/paint_window.h
42edace,[],paint_window.ui,ui,0,0,30,0,Paint/paint_window.ui
42edace,[],bool_tab.cpp,cpp,3,0,0,0,Panel/Widgets/bool_tab.cpp
42edace,[],bool_tab.h,h,3,0,1,1,Panel/Widgets/bool_tab.h
42edace,[],combo_tab.cpp,cpp,3,0,2,3,Panel/Widgets/combo_tab.cpp
42edace,[],combo_tab.h,h,3,0,1,2,Panel/Widgets/combo_tab.h
42edace,[],tab_widget.cpp,cpp,3,0,33,9,Panel/Widgets/tab_widget.cpp
42edace,[],tab_widget.h,h,3,0,3,3,Panel/Widgets/tab_widget.h
42edace,[],setting.cpp,cpp,1,0,10,7,Panel/setting.cpp
42edace,[],setting.h,h,1,0,1,1,Panel/setting.h
42edace,[],chinese.xml,xml,0,0,6,0,Resource/Languages/Config/chinese.xml
42edace,[],chinese.xml,xml,0,0,4,0,Resource/Languages/MainWIndow/chinese.xml
42edace,[],Resources.qrc,qrc,1,0,10,2,Resource/Resources.qrc
42edace,[],avator.png,png,0,0,0,0,Resource/avator.png
42edace,[],cancel.svg,svg,0,0,2,0,Resource/cancel.svg
42edace,[],capture_ok_button.qss,qss,0,0,16,0,Resource/capture_ok_button.qss
42edace,[],ok.svg,svg,0,0,2,0,Resource/ok.svg
42edace,[],capture.pro,pro,1,0,28,13,capture.pro
42edace,[],main.cpp,cpp,1,0,5,1,main.cpp
42edace,[],mainwindow.cpp,cpp,1,0,20,4,mainwindow.cpp
42edace,[],mainwindow.h,h,1,0,2,2,mainwindow.h
42edace,[],Ipoint_position_change.h,h,0,0,10,0,new_capture/Widgets/Ipoint_position_change.h
42edace,[],capture_area.cpp,cpp,3,0,91,15,new_capture/Widgets/capture_area.cpp
42edace,[],capture_area.h,h,3,0,43,26,new_capture/Widgets/capture_area.h
42edace,[],capture_region.cpp,cpp,3,0,38,26,new_capture/Widgets/capture_region.cpp
42edace,[],capture_region.h,h,3,0,6,3,new_capture/Widgets/capture_region.h
42edace,[],stretch_point.cpp,cpp,3,0,5,4,new_capture/Widgets/stretch_point.cpp
42edace,[],stretch_point.h,h,3,0,5,5,new_capture/Widgets/stretch_point.h
42edace,[],capture_window.cpp,cpp,1,0,57,4,new_capture/capture_window.cpp
42edace,[],capture_window.h,h,1,0,3,2,new_capture/capture_window.h
4ffbe43,[],Tab_base.h,h,0,0,12,0,Base/Tab_base.h
4ffbe43,[],Window_base.h,h,1,0,3,0,Base/Window_base.h
4ffbe43,[],Reflect.h,h,0,0,43,0,Helper/Reflect.h
4ffbe43,[],debug.cpp,cpp,0,0,12,0,Helper/debug.cpp
4ffbe43,[],debug.h,h,0,0,12,0,Helper/debug.h
4ffbe43,[],plist.h,h,0,0,64,0,Helper/plist.h
4ffbe43,[],config.cpp,cpp,3,0,47,11,Manager/config.cpp
4ffbe43,[],config.h,h,0,0,33,0,Manager/config.h
4ffbe43,[],key_manager.cpp,cpp,0,0,38,0,Manager/key_manager.cpp
4ffbe43,[],key_manager.h,h,0,0,35,0,Manager/key_manager.h
4ffbe43,[],window_manager.cpp,cpp,0,0,103,0,Manager/window_manager.cpp
4ffbe43,[],window_manager.h,h,3,0,2,0,Manager/window_manager.h
4ffbe43,[],setting.cpp,cpp,0,0,90,0,Panel/setting.cpp
4ffbe43,[],setting.h,h,0,0,47,0,Panel/setting.h
4ffbe43,[],setting.ui,ui,0,0,31,0,Panel/setting.ui
4ffbe43,[],Resources.qrc,qrc,0,0,11,0,Resource/Resources.qrc
4ffbe43,[],capture.png,png,0,0,0,0,Resource/capture.png
4ffbe43,[],custom_button.qss,qss,0,0,21,0,Resource/custom_button.qss
4ffbe43,[],设 置.svg,svg,0,0,1,0,Resource/设 置.svg
4ffbe43,[],capture_area.cpp,cpp,0,0,288,0,Widgets/Capture_widgets/capture_area.cpp
4ffbe43,[],capture_area.h,h,0,0,251,0,Widgets/Capture_widgets/capture_area.h
4ffbe43,[],capture_region.cpp,cpp,0,0,180,0,Widgets/Capture_widgets/capture_region.cpp
4ffbe43,[],capture_region.h,h,0,0,40,0,Widgets/Capture_widgets/capture_region.h
4ffbe43,[],stretch_point.cpp,cpp,0,0,194,0,Widgets/Capture_widgets/stretch_point.cpp
4ffbe43,[],stretch_point.h,h,0,0,51,0,Widgets/Capture_widgets/stretch_point.h
4ffbe43,[],bool_tab.cpp,cpp,0,0,38,0,Widgets/Setting_widgets/bool_tab.cpp
4ffbe43,[],bool_tab.h,h,0,0,25,0,Widgets/Setting_widgets/bool_tab.h
4ffbe43,[],combo_tab.cpp,cpp,0,0,54,0,Widgets/Setting_widgets/combo_tab.cpp
4ffbe43,[],combo_tab.h,h,0,0,26,0,Widgets/Setting_widgets/combo_tab.h
4ffbe43,[],tab_widget.cpp,cpp,0,0,142,0,Widgets/Setting_widgets/tab_widget.cpp
4ffbe43,[],tab_widget.h,h,0,0,41,0,Widgets/Setting_widgets/tab_widget.h
4ffbe43,[],capture_area.cpp,cpp,2,0,0,192,Widgets/capture_area.cpp
4ffbe43,[],capture_area.h,h,2,0,0,42,Widgets/capture_area.h
4ffbe43,[],Window_manager.cpp,cpp,2,0,0,67,Window_manager.cpp
4ffbe43,[],capture.pro,pro,1,0,30,7,capture.pro
4ffbe43,[],config.h,h,2,0,0,27,config.h
4ffbe43,[],main.cpp,cpp,1,0,10,3,main.cpp
4ffbe43,[],mainwindow.cpp,cpp,1,0,31,13,mainwindow.cpp
4ffbe43,[],mainwindow.h,h,1,0,10,3,mainwindow.h
4ffbe43,[],mainwindow.ui,ui,1,0,1,15,mainwindow.ui
4ffbe43,[],capture_button_action.cpp,cpp,1,0,2,11,new_capture/capture_button_action.cpp
4ffbe43,[],capture_button_action.h,h,1,0,0,1,new_capture/capture_button_action.h
4ffbe43,[],capture_window.cpp,cpp,1,0,19,11,new_capture/capture_window.cpp
4ffbe43,[],capture_window.h,h,1,0,2,3,new_capture/capture_window.h
6bd8fa0,[],Window_base.h,h,0,0,28,0,Base/Window_base.h
6bd8fa0,[],my_math.cpp,cpp,0,0,13,0,Helper/my_math.cpp
6bd8fa0,[],my_math.h,h,0,0,15,0,Helper/my_math.h
6bd8fa0,[],capture_area.cpp,cpp,1,0,136,22,Widgets/capture_area.cpp
6bd8fa0,[],capture_area.h,h,1,0,14,0,Widgets/capture_area.h
6bd8fa0,[],Window_manager.cpp,cpp,1,0,10,2,Window_manager.cpp
6bd8fa0,[],capture.pro,pro,1,0,5,0,capture.pro
6bd8fa0,[],config.cpp,cpp,0,0,120,0,config.cpp
6bd8fa0,[],config.h,h,0,0,27,0,config.h
6bd8fa0,[],main.cpp,cpp,1,0,2,0,main.cpp
6bd8fa0,[],mainwindow.cpp,cpp,1,0,7,1,mainwindow.cpp
6bd8fa0,[],mainwindow.h,h,1,0,3,1,mainwindow.h
6bd8fa0,[],mainwindow.ui,ui,1,0,4,1,mainwindow.ui
6bd8fa0,[],capture_button_action.cpp,cpp,1,0,1,1,new_capture/capture_button_action.cpp
6bd8fa0,[],capture_window.cpp,cpp,1,0,61,8,new_capture/capture_window.cpp
6bd8fa0,[],capture_window.h,h,1,0,12,7,new_capture/capture_window.h
6bd8fa0,[],capture_window.ui,ui,1,0,6,20,new_capture/capture_window.ui
6bd8fa0,[],window_manager.h,h,1,0,4,2,window_manager.h
d0ced63,[],capture_area.cpp,cpp,0,0,78,0,Widgets/capture_area.cpp
d0ced63,[],capture_area.h,h,0,0,28,0,Widgets/capture_area.h
d0ced63,[],Window_manager.cpp,cpp,0,0,59,0,Window_manager.cpp
d0ced63,[],base_button.h,h,2,0,0,19,button_action/headers/base_button.h
d0ced63,[],test_button.cpp,cpp,2,0,0,18,button_action/src/test_button.cpp
d0ced63,[],capture.pro,pro,1,0,12,5,capture.pro
d0ced63,[],mainwindow.cpp,cpp,1,0,6,2,mainwindow.cpp
d0ced63,[],mainwindow.ui,ui,1,0,2,3,mainwindow.ui
d0ced63,[],capture_button_action.cpp,cpp,0,0,28,0,new_capture/capture_button_action.cpp
d0ced63,[],capture_button_action.h,h,0,0,22,0,new_capture/capture_button_action.h
d0ced63,[],capture_window.cpp,cpp,0,0,64,0,new_capture/capture_window.cpp
d0ced63,[],capture_window.h,h,0,0,34,0,new_capture/capture_window.h
d0ced63,[],capture_window.ui,ui,0,0,52,0,new_capture/capture_window.ui
d0ced63,[],window_manager.h,h,0,0,24,0,window_manager.h
789252e,[],base_button.h,h,0,0,19,0,button_action/headers/base_button.h
789252e,[],test_button.cpp,cpp,0,0,18,0,button_action/src/test_button.cpp
789252e,[],capture.pro,pro,1,0,2,0,capture.pro
789252e,[],main.cpp,cpp,1,0,1,0,main.cpp
789252e,[],mainwindow.cpp,cpp,1,0,9,0,mainwindow.cpp
789252e,[],mainwindow.h,h,1,0,4,0,mainwindow.h
789252e,[],mainwindow.ui,ui,1,0,27,4,mainwindow.ui
4b94140,[],.gitignore,gitignore,0,0,73,0,.gitignore
4b94140,[],capture.pro,pro,0,0,34,0,capture.pro
4b94140,[],capture_zh_CN.ts,ts,0,0,3,0,capture_zh_CN.ts
4b94140,[],main.cpp,cpp,0,0,11,0,main.cpp
4b94140,[],mainwindow.cpp,cpp,0,0,15,0,mainwindow.cpp
4b94140,[],mainwindow.h,h,0,0,21,0,mainwindow.h
4b94140,[],mainwindow.ui,ui,0,0,22,0,mainwindow.ui
50beb12,[],README.md,md,0,0,1,0,README.md
a74b107,[],hook.cpp,cpp,1,0,8,3,hook.cpp
a74b107,[],hook.h,h,1,0,2,2,hook.h
3cdd739,[],hook.cpp,cpp,1,0,8,18,hook.cpp
3cdd739,[],hook.h,h,1,0,1,1,hook.h
73a7f48,[],hook.cpp,cpp,1,0,4,0,hook.cpp
73a7f48,[],hook.h,h,1,0,1,1,hook.h
81186ca,[],.gitignore,gitignore,0,0,73,0,.gitignore
81186ca,[],Hook.pro,pro,0,0,30,0,Hook.pro
81186ca,[],Hook_global.h,h,0,0,12,0,Hook_global.h
81186ca,[],hook.cpp,cpp,0,0,169,0,hook.cpp
81186ca,[],hook.h,h,0,0,53,0,hook.h
8053953,[],window.py,py,1,0,1,1,innovate/window.py
13f233a,[],try.py,py,0,0,39,0,innovate/try.py
28456de,[],window.py,py,0,0,260,0,innovate/window.py
