389936514,64392262,dululu/C-plus,2021-07-27,True,master,1,0,0,0
389641013,64392262,dululu/Data-structure,2021-07-26,True,master,1,0,0,0
388088909,64392262,dululu/dululu.github.io,2021-07-21,True,main,1,0,0,0
331661154,64392262,dululu/python-spider,2021-01-21,True,main,1,0,0,0
363432269,62273335,L-Focus/Todolist,2021-05-01,True,master,1,0,0,0
242157240,18693284,nickzyang/RGB-game,2020-02-21,True,master,1,0,0,0
287708715,18693284,nickzyang/YelpCamp,2020-08-15,True,master,1,0,0,0
242354710,38553217,ataola/a2python,2020-02-22,True,master,1,0,0,0
364448696,38553217,ataola/ataola.github.io,2021-05-05,True,main,1,0,0,0
188964972,38553217,ataola/ataolaSkillsStack,2019-05-28,True,master,3,6,6,1
278769240,38553217,ataola/coding,2020-07-11,True,master,1,0,0,0
248558400,38553217,ataola/commonTools,2020-03-19,True,master,1,0,0,0
331333796,38553217,ataola/paramita,2021-01-20,True,main,1,0,0,0
403668402,38553217,ataola/react-components,2021-09-06,True,main,1,0,0,0
247765621,38553217,ataola/show,2020-03-16,True,master,1,0,0,0
403926555,38553217,ataola/study-threejs,2021-09-07,True,master,1,0,0,0
335328540,38553217,ataola/utils,2021-02-02,True,main,1,2,2,1
403667560,38553217,ataola/vue-components,2021-09-06,True,main,1,0,0,0
248795539,38553217,ataola/zjt,2020-03-20,True,master,1,0,0,0
256931161,56837339,yangshihao-arron/algorithmBased,2020-04-19,True,master,1,2,2,0
319935188,56837339,yangshihao-arron/Leetcode,2020-12-09,True,master,1,0,0,0
321006850,56837339,yangshihao-arron/team-learning-sql,2020-12-13,True,main,2,0,0,0
318982604,56837339,yangshihao-arron/trial-test,2020-12-06,True,master,2,0,0,0
348711800,56837339,yangshihao-arron/yangshihao-arron.github.io,2021-03-17,True,master,1,0,0,0
185930473,38236928,Bowinthecloud/academicpages.github.io,2019-05-10,True,master,16,0,0,0
231398731,38236928,Bowinthecloud/hexo,2020-01-02,True,master,30,0,0,0
186365589,38236928,Bowinthecloud/utterances,2019-05-13,True,master,30,0,0,0
185406010,38236928,Bowinthecloud/YWImage,2019-05-07,True,master,1,0,0,0
249446860,49300238,weteghter/github-upload,2020-03-23,True,master,0,0,0,0
231047755,49300238,weteghter/gitlearning,2019-12-31,True,master,2,0,0,0
231038227,49300238,weteghter/gitlearnling,2019-12-31,True,master,2,0,0,0
179625172,49300238,weteghter/hello-world,2019-04-05,True,master,1,0,0,0
192146409,49300238,weteghter/one-we.github.io,2019-06-16,True,master,0,0,0,0
376029092,49300238,weteghter/Planning-project,2021-06-11,True,main,1,0,0,0
192162750,49300238,weteghter/weteghter.github.io,2019-06-16,True,master,1,0,0,0
220120268,45789726,LGSKOKO/Concurrent_Java,2019-11-07,True,master,1,1,1,0
200978821,45789726,LGSKOKO/Data_Structures,2019-08-07,True,master,1,0,0,0
359394970,45789726,LGSKOKO/Dckr,2021-04-19,True,main,1,6,6,1
360167885,45789726,LGSKOKO/Dckr_Service,2021-04-21,True,main,1,4,4,0
227728904,45789726,LGSKOKO/Hahajing,2019-12-13,True,master,1,0,0,1
161329997,45789726,LGSKOKO/java-Daily-small-program,2018-12-11,True,master,1,0,0,1
219304432,45789726,LGSKOKO/leetCode_Java,2019-11-03,True,master,1,0,0,0
252977804,45789726,LGSKOKO/SoftwareEngineering,2020-04-04,True,master,1,0,0,0
219695229,45789726,LGSKOKO/SpringBoot_learn,2019-11-05,True,master,1,0,0,0
214549390,45789726,LGSKOKO/Student-dormitory-management-system,2019-10-12,True,master,1,15,15,10
